,eta,phi,PT,jmass,ntrk,btag,hadem
0,0.067,-1.783,2882.55,0.0,-1.0,0.0,0.0
1,0.079,-2.578,1203.86,0.0,-1.0,0.0,0.0
2,1.112,2.807,322.84,0.0,-1.0,0.0,0.0
3,0.906,0.483,1858.85,0.0,1.0,0.0,0.0
4,-1.18,-3.048,205.06,0.0,-1.0,0.0,0.0
5,-0.209,0.522,3832.39,0.0,1.0,0.0,0.0
6,0.537,-3.099,2421.32,0.0,1.0,0.0,0.0
7,0.568,-3.041,819.33,0.0,-1.0,0.0,0.0
8,0.697,-2.823,2136.78,0.0,1.0,0.0,0.0
9,-0.37,0.043,1484.23,0.0,1.0,0.0,0.0
10,-1.619,-2.302,47.76,0.0,1.0,0.0,0.0
11,0.654,0.63,3687.83,0.0,-1.0,0.0,0.0
12,-0.362,-1.597,1154.68,0.0,1.0,0.0,0.0
13,0.662,1.983,1581.72,0.0,1.0,0.0,0.0
14,-0.378,-0.233,709.47,0.0,1.0,0.0,0.0
15,-0.597,-2.588,2315.14,0.0,1.0,0.0,0.0
16,0.727,-2.05,2969.39,0.0,1.0,0.0,0.0
17,-0.02,-1.933,980.92,0.0,1.0,0.0,0.0
18,-1.393,-1.414,238.91,0.0,-1.0,0.0,0.0
19,-0.334,1.385,3604.88,0.0,1.0,0.0,0.0
20,-0.751,-2.293,1895.01,0.0,-1.0,0.0,0.0
21,-0.564,-3.029,3874.07,0.0,1.0,0.0,0.0
22,-0.548,-0.233,3406.77,0.0,1.0,0.0,0.0
23,0.006,-1.549,1117.72,0.0,-1.0,0.0,0.0
24,-0.357,-1.632,1078.12,0.0,1.0,0.0,0.0
25,0.117,1.011,2002.92,0.0,-1.0,0.0,0.0
26,-0.361,0.643,105.36,0.0,1.0,0.0,0.0
27,-0.643,-3.032,64.4,0.0,1.0,0.0,0.0
28,1.438,1.462,384.56,0.0,1.0,0.0,0.0
29,0.713,-2.303,2571.29,0.0,1.0,0.0,0.0
30,0.43,2.075,3485.68,0.0,1.0,0.0,0.0
31,-0.317,0.097,1169.69,0.0,-1.0,0.0,0.0
32,-1.542,-2.362,958.3,0.0,-1.0,0.0,0.0
33,0.05,-2.165,1858.42,0.0,-1.0,0.0,0.0
34,0.196,-0.754,1248.51,0.0,1.0,0.0,0.0
35,-1.122,-0.535,1254.85,0.0,-1.0,0.0,0.0
36,-2.392,1.494,53.45,0.0,1.0,0.0,0.0
37,0.98,1.967,125.16,0.0,-1.0,0.0,0.0
38,1.528,-1.53,1470.33,0.0,-1.0,0.0,0.0
39,-1.542,2.529,136.87,0.0,1.0,0.0,0.0
40,0.417,1.296,947.33,0.0,1.0,0.0,0.0
41,-1.116,1.463,2006.78,0.0,1.0,0.0,0.0
42,-1.048,0.532,676.3,0.0,1.0,0.0,0.0
43,-0.333,2.728,328.01,0.0,1.0,0.0,0.0
44,-1.276,1.818,473.91,0.0,1.0,0.0,0.0
45,-0.101,-2.591,3612.38,0.0,1.0,0.0,0.0
46,0.717,3.015,788.96,0.0,-1.0,0.0,0.0
47,-0.864,0.712,43.65,0.0,1.0,0.0,0.0
48,0.499,2.093,1550.05,0.0,1.0,0.0,0.0
49,0.094,0.317,2029.06,0.0,-1.0,0.0,0.0
50,-0.066,2.644,2078.95,0.0,-1.0,0.0,0.0
51,-0.516,1.652,3730.89,0.0,1.0,0.0,0.0
52,0.581,-2.934,1270.09,0.0,-1.0,0.0,0.0
53,0.905,3.135,1061.44,0.0,1.0,0.0,0.0
54,0.491,-0.406,1695.98,0.0,-1.0,0.0,0.0
55,0.444,-0.493,500.68,0.0,1.0,0.0,0.0
56,0.033,0.095,4318.7,0.0,1.0,0.0,0.0
57,-0.255,3.071,3559.21,0.0,-1.0,0.0,0.0
58,-0.057,2.669,3276.26,0.0,1.0,0.0,0.0
59,-0.096,-1.389,2341.52,0.0,1.0,0.0,0.0
60,0.192,-0.511,2301.02,0.0,1.0,0.0,0.0
61,0.584,0.28,4330.42,0.0,1.0,0.0,0.0
62,-1.186,1.532,1467.06,0.0,1.0,0.0,0.0
63,0.004,2.81,3380.41,0.0,1.0,0.0,0.0
64,-0.002,-1.787,4034.84,0.0,1.0,0.0,0.0
65,-0.482,-0.906,3785.54,0.0,-1.0,0.0,0.0
66,-1.182,-2.616,2125.83,0.0,-1.0,0.0,0.0
67,0.705,2.206,3280.21,0.0,1.0,0.0,0.0
68,0.106,1.005,3269.89,0.0,1.0,0.0,0.0
69,0.058,3.059,2681.28,0.0,-1.0,0.0,0.0
70,1.465,1.054,194.5,0.0,1.0,0.0,0.0
71,-1.327,0.602,566.17,0.0,1.0,0.0,0.0
72,0.691,-2.633,16.11,0.0,1.0,0.0,0.0
73,-0.08,-1.153,1541.5,0.0,1.0,0.0,0.0
74,0.265,-2.564,2705.08,0.0,1.0,0.0,0.0
75,0.111,1.541,2201.38,0.0,1.0,0.0,0.0
76,0.758,-0.861,552.46,0.0,1.0,0.0,0.0
77,0.356,-1.476,1069.59,0.0,1.0,0.0,0.0
78,-2.054,0.228,122.22,0.0,1.0,0.0,0.0
79,-0.285,1.07,1910.42,0.0,-1.0,0.0,0.0
80,0.11,0.634,2753.97,0.0,1.0,0.0,0.0
81,-0.824,-2.951,1650.49,0.0,1.0,0.0,0.0
82,-0.722,0.598,2427.22,0.0,-1.0,0.0,0.0
83,0.819,2.915,596.12,0.0,1.0,0.0,0.0
84,-0.908,0.444,1437.37,0.0,1.0,0.0,0.0
85,-0.611,-1.991,1867.29,0.0,-1.0,0.0,0.0
86,0.402,-0.449,1460.11,0.0,1.0,0.0,0.0
87,1.454,1.881,572.43,0.0,1.0,0.0,0.0
88,0.912,0.785,2103.99,0.0,1.0,0.0,0.0
89,0.576,-2.565,906.84,0.0,1.0,0.0,0.0
90,0.116,2.14,1585.03,0.0,1.0,0.0,0.0
91,0.378,-3.113,2164.2,0.0,-1.0,0.0,0.0
92,2.126,3.001,591.06,0.0,-1.0,0.0,0.0
93,0.265,1.663,1665.03,0.0,1.0,0.0,0.0
94,0.031,-1.805,3328.35,0.0,1.0,0.0,0.0
95,-0.41,0.156,4207.54,0.0,1.0,0.0,0.0
96,-0.448,-1.986,1055.91,0.0,1.0,0.0,0.0
97,0.587,1.344,112.89,0.0,1.0,0.0,0.0
98,-0.423,3.065,1894.28,0.0,1.0,0.0,0.0
99,-0.604,-0.376,1354.11,0.0,1.0,0.0,0.0
100,-0.234,-0.308,461.76,0.0,-1.0,0.0,0.0
101,-0.324,1.481,1623.16,0.0,1.0,0.0,0.0
102,-0.096,0.122,155.66,0.0,1.0,0.0,0.0
103,0.647,-0.485,1916.44,0.0,1.0,0.0,0.0
104,-1.348,-2.687,1810.73,0.0,-1.0,0.0,0.0
105,1.331,-2.143,1612.05,0.0,-1.0,0.0,0.0
106,0.507,1.845,118.44,0.0,1.0,0.0,0.0
107,0.576,1.861,1440.49,0.0,1.0,0.0,0.0
108,-0.751,-2.815,122.7,0.0,1.0,0.0,0.0
109,0.741,1.818,990.31,0.0,1.0,0.0,0.0
110,0.801,1.037,2754.36,0.0,1.0,0.0,0.0
111,-0.053,1.458,1425.45,0.0,1.0,0.0,0.0
112,-1.526,2.515,898.13,0.0,-1.0,0.0,0.0
113,-0.568,-0.834,2570.17,0.0,1.0,0.0,0.0
114,-0.173,0.539,207.91,0.0,1.0,0.0,0.0
115,-1.1,1.314,552.48,0.0,1.0,0.0,0.0
116,0.138,-2.72,889.94,0.0,-1.0,0.0,0.0
117,-0.366,0.047,3402.44,0.0,-1.0,0.0,0.0
118,-0.05,0.477,1544.04,0.0,1.0,0.0,0.0
119,-0.556,-2.066,2756.91,0.0,1.0,0.0,0.0
120,0.154,1.933,518.02,0.0,1.0,0.0,0.0
121,0.288,-2.852,390.27,0.0,1.0,0.0,0.0
122,0.146,-1.932,116.05,0.0,1.0,0.0,0.0
123,-0.78,2.236,1990.53,0.0,1.0,0.0,0.0
124,1.249,-1.589,1989.57,0.0,1.0,0.0,0.0
125,0.146,-2.318,1883.25,0.0,-1.0,0.0,0.0
126,0.595,-2.513,2395.31,0.0,-1.0,0.0,0.0
127,-0.776,-0.847,574.66,0.0,1.0,0.0,0.0
128,1.139,-0.986,1294.49,0.0,1.0,0.0,0.0
129,0.57,-2.265,319.99,0.0,1.0,0.0,0.0
130,1.971,1.628,989.68,0.0,1.0,0.0,0.0
131,-2.409,2.617,84.77,0.0,1.0,0.0,0.0
132,0.58,-1.824,3315.77,0.0,1.0,0.0,0.0
133,2.1,0.014,666.54,0.0,1.0,0.0,0.0
134,-1.186,2.835,61.81,0.0,-1.0,0.0,0.0
135,1.818,-2.879,942.17,0.0,1.0,0.0,0.0
136,-0.856,-2.236,2923.7,0.0,-1.0,0.0,0.0
137,-0.827,0.992,537.67,0.0,1.0,0.0,0.0
138,-1.626,1.495,238.65,0.0,1.0,0.0,0.0
139,0.43,1.426,3155.27,0.0,1.0,0.0,0.0
140,-0.451,1.751,2855.46,0.0,1.0,0.0,0.0
141,0.782,0.583,1417.35,0.0,1.0,0.0,0.0
142,1.199,-1.111,1708.02,0.0,1.0,0.0,0.0
143,-1.319,-1.945,303.84,0.0,1.0,0.0,0.0
144,-1.044,-0.396,373.14,0.0,1.0,0.0,0.0
145,-1.16,-0.862,102.13,0.0,-1.0,0.0,0.0
146,1.519,-0.71,770.16,0.0,1.0,0.0,0.0
147,0.597,2.425,2013.8,0.0,-1.0,0.0,0.0
148,-1.53,-2.033,107.09,0.0,1.0,0.0,0.0
149,2.174,-1.471,205.17,0.0,1.0,0.0,0.0
150,0.421,-1.907,615.91,0.0,1.0,0.0,0.0
151,-0.467,2.384,102.86,0.0,1.0,0.0,0.0
152,-0.499,-1.904,720.85,0.0,1.0,0.0,0.0
153,0.792,-1.298,1333.05,0.0,1.0,0.0,0.0
154,-0.524,-0.59,27.16,0.0,1.0,0.0,0.0
155,0.148,-1.056,45.08,0.0,-1.0,0.0,0.0
156,0.205,0.446,665.43,0.0,1.0,0.0,0.0
157,0.876,0.474,2293.54,0.0,1.0,0.0,0.0
158,-0.517,1.626,31.67,0.0,1.0,0.0,0.0
159,0.392,-0.021,2897.76,0.0,1.0,0.0,0.0
160,-0.336,-3.056,3750.98,0.0,1.0,0.0,0.0
161,-0.315,-0.313,2474.11,0.0,1.0,0.0,0.0
162,1.964,-2.009,111.94,0.0,1.0,0.0,0.0
163,0.905,-0.297,1919.44,0.0,1.0,0.0,0.0
164,-0.771,0.69,1726.93,0.0,1.0,0.0,0.0
165,0.306,1.505,2033.58,0.0,1.0,0.0,0.0
166,-0.841,-2.287,3155.41,0.0,1.0,0.0,0.0
167,0.188,1.533,2677.6,0.0,1.0,0.0,0.0
168,0.546,1.839,2937.99,0.0,1.0,0.0,0.0
169,0.268,2.405,2079.91,0.0,-1.0,0.0,0.0
170,0.691,-2.145,2761.45,0.0,1.0,0.0,0.0
171,-1.482,-2.229,785.36,0.0,1.0,0.0,0.0
172,-0.616,1.457,4006.63,0.0,1.0,0.0,0.0
173,0.011,-1.659,1973.09,0.0,-1.0,0.0,0.0
174,-1.072,2.295,1301.12,0.0,1.0,0.0,0.0
175,0.927,-2.515,3020.97,0.0,1.0,0.0,0.0
176,-1.035,0.359,573.76,0.0,-1.0,0.0,0.0
177,0.424,-2.784,543.91,0.0,1.0,0.0,0.0
178,0.316,-1.269,907.0,0.0,1.0,0.0,0.0
179,0.901,0.463,2258.67,0.0,-1.0,0.0,0.0
180,-0.295,2.538,70.54,0.0,1.0,0.0,0.0
181,-0.229,0.194,934.53,0.0,1.0,0.0,0.0
182,0.322,-1.901,627.73,0.0,1.0,0.0,0.0
183,0.079,-2.943,912.76,0.0,1.0,0.0,0.0
184,-0.428,-0.768,734.33,0.0,-1.0,0.0,0.0
185,0.16,-0.324,121.76,0.0,-1.0,0.0,0.0
186,-0.39,1.941,1406.84,0.0,1.0,0.0,0.0
187,-0.022,2.428,3468.63,0.0,-1.0,0.0,0.0
188,1.324,-0.534,1285.0,0.0,1.0,0.0,0.0
189,0.455,-1.908,2827.31,0.0,1.0,0.0,0.0
190,-0.308,-2.404,1410.78,0.0,1.0,0.0,0.0
191,-0.226,1.042,1498.99,0.0,1.0,0.0,0.0
192,0.078,2.05,2941.13,0.0,-1.0,0.0,0.0
193,0.063,2.137,28.78,0.0,1.0,0.0,0.0
194,-0.108,1.558,2942.92,0.0,-1.0,0.0,0.0
195,0.228,0.788,4119.46,0.0,1.0,0.0,0.0
196,-0.795,1.658,1094.82,0.0,1.0,0.0,0.0
197,-0.222,-2.178,1201.44,0.0,1.0,0.0,0.0
198,1.275,-0.739,172.56,0.0,1.0,0.0,0.0
199,0.939,-0.721,568.86,0.0,1.0,0.0,0.0
200,-0.028,1.054,552.88,0.0,-1.0,0.0,0.0
201,-1.01,2.07,1638.36,0.0,1.0,0.0,0.0
202,1.429,2.019,1887.84,0.0,-1.0,0.0,0.0
203,0.084,0.473,3477.73,0.0,1.0,0.0,0.0
204,-0.283,1.546,2783.89,0.0,-1.0,0.0,0.0
205,-0.793,2.843,3136.68,0.0,1.0,0.0,0.0
206,-0.999,-1.821,2372.0,0.0,1.0,0.0,0.0
207,-0.169,0.979,257.04,0.0,1.0,0.0,0.0
208,0.188,-0.898,1975.5,0.0,1.0,0.0,0.0
209,1.249,1.324,764.36,0.0,1.0,0.0,0.0
210,-0.656,0.237,622.71,0.0,-1.0,0.0,0.0
211,0.38,-2.946,345.53,0.0,1.0,0.0,0.0
212,-0.153,2.52,385.29,0.0,1.0,0.0,0.0
213,-0.858,0.355,48.62,0.0,-1.0,0.0,0.0
214,-0.142,-2.139,4345.56,0.0,-1.0,0.0,0.0
215,-0.217,2.591,2635.55,0.0,-1.0,0.0,0.0
216,1.832,0.556,853.29,0.0,-1.0,0.0,0.0
217,-0.643,-1.154,622.18,0.0,1.0,0.0,0.0
218,1.068,1.734,2579.02,0.0,1.0,0.0,0.0
219,-0.855,-2.736,20.78,0.0,-1.0,0.0,0.0
220,-0.854,0.908,3162.62,0.0,-1.0,0.0,0.0
221,0.156,-2.422,3335.76,0.0,1.0,0.0,0.0
222,-0.301,0.942,607.82,0.0,1.0,0.0,0.0
223,-1.001,2.405,329.38,0.0,-1.0,0.0,0.0
224,0.49,-0.034,2564.79,0.0,-1.0,0.0,0.0
225,-0.064,2.352,3798.45,0.0,-1.0,0.0,0.0
226,0.379,-0.606,2629.3,0.0,-1.0,0.0,0.0
227,0.48,1.536,697.63,0.0,1.0,0.0,0.0
228,-0.955,-3.071,1372.14,0.0,1.0,0.0,0.0
229,0.081,0.254,215.31,0.0,-1.0,0.0,0.0
230,-0.21,0.813,632.15,0.0,1.0,0.0,0.0
231,-0.674,1.321,185.46,0.0,1.0,0.0,0.0
232,-0.597,-2.027,808.57,0.0,1.0,0.0,0.0
233,-0.013,-0.017,4026.47,0.0,-1.0,0.0,0.0
234,-0.622,0.157,1723.92,0.0,1.0,0.0,0.0
235,0.11,-0.59,3751.48,0.0,1.0,0.0,0.0
236,-1.227,-3.109,1960.64,0.0,1.0,0.0,0.0
237,-0.278,-0.506,546.99,0.0,-1.0,0.0,0.0
238,0.328,-1.994,161.73,0.0,-1.0,0.0,0.0
239,1.187,-1.676,605.76,0.0,-1.0,0.0,0.0
240,-0.159,0.904,881.26,0.0,-1.0,0.0,0.0
241,-1.201,-2.109,107.12,0.0,1.0,0.0,0.0
242,-0.838,-2.495,314.98,0.0,1.0,0.0,0.0
243,0.841,-1.851,2300.8,0.0,-1.0,0.0,0.0
244,-1.459,-1.049,615.03,0.0,1.0,0.0,0.0
245,0.583,0.195,1838.04,0.0,-1.0,0.0,0.0
246,0.442,-0.275,1959.21,0.0,-1.0,0.0,0.0
247,0.502,-0.264,1145.88,0.0,1.0,0.0,0.0
248,0.485,-2.303,3432.98,0.0,-1.0,0.0,0.0
249,-1.903,0.238,86.9,0.0,-1.0,0.0,0.0
250,0.583,-3.067,721.39,0.0,-1.0,0.0,0.0
251,-1.378,0.186,1365.56,0.0,1.0,0.0,0.0
252,-0.825,1.763,1350.04,0.0,-1.0,0.0,0.0
253,0.136,-2.092,2088.66,0.0,-1.0,0.0,0.0
254,-0.276,-1.073,3822.35,0.0,-1.0,0.0,0.0
255,-0.382,2.976,548.83,0.0,1.0,0.0,0.0
256,0.56,-3.135,3988.72,0.0,1.0,0.0,0.0
257,0.787,-1.621,545.47,0.0,1.0,0.0,0.0
258,0.599,2.588,2617.01,0.0,1.0,0.0,0.0
259,-0.53,-2.0,747.16,0.0,1.0,0.0,0.0
260,1.003,-2.652,2095.73,0.0,1.0,0.0,0.0
261,0.751,-2.969,1120.75,0.0,1.0,0.0,0.0
262,-1.498,0.431,243.69,0.0,1.0,0.0,0.0
263,0.532,-1.14,2423.56,0.0,1.0,0.0,0.0
264,-0.393,-2.997,212.56,0.0,-1.0,0.0,0.0
265,0.049,0.959,2503.94,0.0,-1.0,0.0,0.0
266,-0.495,-0.815,1211.13,0.0,1.0,0.0,0.0
267,0.249,1.666,739.18,0.0,1.0,0.0,0.0
268,0.268,2.176,1670.14,0.0,1.0,0.0,0.0
269,-0.157,1.318,14.94,0.0,1.0,0.0,0.0
270,-0.299,-1.33,19.37,0.0,1.0,0.0,0.0
271,0.961,-0.286,2756.24,0.0,1.0,0.0,0.0
272,0.674,-2.478,404.3,0.0,-1.0,0.0,0.0
273,1.517,-1.096,2034.12,0.0,-1.0,0.0,0.0
274,-0.862,-2.905,14.52,0.0,-1.0,0.0,0.0
275,0.268,0.223,48.61,0.0,1.0,0.0,0.0
276,-0.756,-0.896,261.99,0.0,-1.0,0.0,0.0
277,-0.997,-1.36,704.86,0.0,1.0,0.0,0.0
278,-0.463,0.749,3446.29,0.0,1.0,0.0,0.0
279,0.035,3.074,848.93,0.0,1.0,0.0,0.0
280,0.282,1.665,2112.41,0.0,1.0,0.0,0.0
281,-0.092,-2.492,2203.37,0.0,1.0,0.0,0.0
282,-0.389,-0.44,104.44,0.0,1.0,0.0,0.0
283,-0.1,-1.717,3093.95,0.0,1.0,0.0,0.0
284,-0.689,-0.877,442.86,0.0,1.0,0.0,0.0
285,0.439,1.224,2870.52,0.0,-1.0,0.0,0.0
286,-1.275,0.842,540.64,0.0,1.0,0.0,0.0
287,-0.663,0.777,2552.7,0.0,-1.0,0.0,0.0
288,-1.004,-2.352,1339.88,0.0,1.0,0.0,0.0
289,0.994,0.251,970.03,0.0,-1.0,0.0,0.0
290,-0.135,2.187,213.81,0.0,1.0,0.0,0.0
291,0.151,1.672,93.57,0.0,1.0,0.0,0.0
292,0.659,-0.421,3632.52,0.0,1.0,0.0,0.0
293,1.359,-0.657,818.08,0.0,1.0,0.0,0.0
294,0.403,-1.694,2328.86,0.0,1.0,0.0,0.0
295,-0.45,-2.18,3604.24,0.0,1.0,0.0,0.0
296,-0.538,2.834,663.51,0.0,1.0,0.0,0.0
297,0.391,1.344,17.01,0.0,1.0,0.0,0.0
298,1.512,1.294,89.91,0.0,1.0,0.0,0.0
299,-0.697,-1.273,943.9,0.0,1.0,0.0,0.0
300,0.154,1.377,3878.7,0.0,1.0,0.0,0.0
301,0.981,-0.38,1623.17,0.0,-1.0,0.0,0.0
302,0.825,-2.512,2577.83,0.0,1.0,0.0,0.0
303,0.842,-1.811,855.04,0.0,1.0,0.0,0.0
304,-0.116,-1.123,849.62,0.0,1.0,0.0,0.0
305,-0.271,-1.694,589.57,0.0,1.0,0.0,0.0
306,-0.583,-2.159,1487.25,0.0,-1.0,0.0,0.0
307,0.561,0.236,493.85,0.0,-1.0,0.0,0.0
308,-0.54,-1.475,3276.08,0.0,-1.0,0.0,0.0
309,1.208,1.45,26.65,0.0,1.0,0.0,0.0
310,-0.898,-0.312,1196.13,0.0,1.0,0.0,0.0
311,-0.442,-0.815,2134.2,0.0,1.0,0.0,0.0
312,-0.0,-1.104,1786.35,0.0,1.0,0.0,0.0
313,0.276,-0.468,3077.07,0.0,-1.0,0.0,0.0
314,0.139,-1.394,537.21,0.0,1.0,0.0,0.0
315,1.812,2.625,681.51,0.0,-1.0,0.0,0.0
316,-0.54,2.924,55.87,0.0,1.0,0.0,0.0
317,-0.338,-0.796,1870.6,0.0,-1.0,0.0,0.0
318,-1.313,-1.349,437.01,0.0,1.0,0.0,0.0
319,-1.74,2.233,196.51,0.0,1.0,0.0,0.0
320,0.91,-1.601,329.69,0.0,1.0,0.0,0.0
321,0.424,-0.028,3290.82,0.0,-1.0,0.0,0.0
322,-0.029,-0.119,3040.73,0.0,1.0,0.0,0.0
323,0.151,-1.417,1304.5,0.0,1.0,0.0,0.0
324,0.238,-2.278,195.27,0.0,1.0,0.0,0.0
325,0.76,1.99,799.69,0.0,-1.0,0.0,0.0
326,0.344,-1.081,1828.35,0.0,-1.0,0.0,0.0
327,-0.522,-0.352,311.61,0.0,-1.0,0.0,0.0
328,-0.825,2.877,544.83,0.0,-1.0,0.0,0.0
329,0.37,-2.072,1426.58,0.0,1.0,0.0,0.0
330,-0.16,0.409,2512.6,0.0,1.0,0.0,0.0
331,-1.684,-0.087,1362.68,0.0,-1.0,0.0,0.0
332,0.725,-1.325,952.29,0.0,1.0,0.0,0.0
333,0.2,0.166,3713.02,0.0,1.0,0.0,0.0
334,-0.452,2.421,706.79,0.0,1.0,0.0,0.0
335,-0.006,-2.166,2952.32,0.0,1.0,0.0,0.0
336,0.513,-2.146,3805.03,0.0,1.0,0.0,0.0
337,0.134,-0.932,2947.49,0.0,-1.0,0.0,0.0
338,-0.545,-1.667,1758.15,0.0,1.0,0.0,0.0
339,0.636,-3.135,1598.47,0.0,-1.0,0.0,0.0
340,-0.433,1.717,1941.95,0.0,-1.0,0.0,0.0
341,-0.799,-2.215,228.72,0.0,1.0,0.0,0.0
342,0.768,1.631,175.89,0.0,1.0,0.0,0.0
343,1.297,0.187,1659.95,0.0,-1.0,0.0,0.0
344,-0.997,2.169,1837.82,0.0,-1.0,0.0,0.0
345,-0.868,-0.573,3034.32,0.0,-1.0,0.0,0.0
346,-0.277,2.717,1435.02,0.0,1.0,0.0,0.0
347,0.175,-2.718,4333.24,0.0,1.0,0.0,0.0
348,-1.181,0.942,1474.31,0.0,1.0,0.0,0.0
349,1.375,-1.093,1308.72,0.0,-1.0,0.0,0.0
350,-0.502,3.003,3174.12,0.0,1.0,0.0,0.0
351,1.239,-0.056,801.48,0.0,-1.0,0.0,0.0
352,-1.503,0.968,694.86,0.0,1.0,0.0,0.0
353,0.029,-2.374,2944.85,0.0,1.0,0.0,0.0
354,1.143,0.47,1434.26,0.0,1.0,0.0,0.0
355,-0.286,1.57,2243.15,0.0,1.0,0.0,0.0
356,1.307,2.804,106.26,0.0,1.0,0.0,0.0
357,-1.259,0.526,213.61,0.0,-1.0,0.0,0.0
358,-0.383,-2.205,1534.47,0.0,-1.0,0.0,0.0
359,0.184,2.746,26.64,0.0,1.0,0.0,0.0
360,0.873,-1.601,17.64,0.0,1.0,0.0,0.0
361,-0.128,1.523,145.34,0.0,1.0,0.0,0.0
362,0.673,0.574,208.15,0.0,1.0,0.0,0.0
363,0.437,2.586,3107.69,0.0,1.0,0.0,0.0
364,-0.888,-1.694,2202.42,0.0,1.0,0.0,0.0
365,-0.119,-0.631,1879.88,0.0,1.0,0.0,0.0
366,-1.39,-2.429,226.54,0.0,-1.0,0.0,0.0
367,-1.767,-0.344,725.98,0.0,-1.0,0.0,0.0
368,-1.913,-0.204,267.06,0.0,1.0,0.0,0.0
369,-0.681,-0.136,3511.39,0.0,1.0,0.0,0.0
370,-0.283,-1.354,388.89,0.0,1.0,0.0,0.0
371,0.693,-0.372,1987.42,0.0,1.0,0.0,0.0
372,-1.701,2.955,476.82,0.0,1.0,0.0,0.0
373,-0.872,1.437,1901.13,0.0,1.0,0.0,0.0
374,-0.868,2.005,2682.24,0.0,1.0,0.0,0.0
375,0.167,-2.157,342.36,0.0,1.0,0.0,0.0
376,1.534,-1.392,1879.73,0.0,1.0,0.0,0.0
377,1.016,0.826,2802.3,0.0,-1.0,0.0,0.0
378,0.733,-2.742,2565.87,0.0,1.0,0.0,0.0
379,-0.235,3.117,746.87,0.0,1.0,0.0,0.0
380,-0.431,-1.153,247.04,0.0,1.0,0.0,0.0
381,-0.602,0.348,2598.59,0.0,1.0,0.0,0.0
382,0.606,0.073,3712.95,0.0,1.0,0.0,0.0
383,0.602,1.812,3656.65,0.0,-1.0,0.0,0.0
384,0.044,1.882,4013.52,0.0,-1.0,0.0,0.0
385,0.836,1.14,85.37,0.0,1.0,0.0,0.0
386,-2.223,-0.286,210.74,0.0,1.0,0.0,0.0
387,-0.436,2.901,2035.8,0.0,1.0,0.0,0.0
388,1.122,-1.358,1343.81,0.0,1.0,0.0,0.0
389,0.123,-0.339,1691.01,0.0,1.0,0.0,0.0
390,-0.236,-0.404,3864.93,0.0,-1.0,0.0,0.0
391,-0.993,-2.43,815.46,0.0,-1.0,0.0,0.0
392,0.852,-2.675,3468.15,0.0,-1.0,0.0,0.0
393,0.006,-0.25,3504.51,0.0,1.0,0.0,0.0
394,0.499,-2.752,3363.43,0.0,1.0,0.0,0.0
395,-1.289,2.363,351.84,0.0,1.0,0.0,0.0
396,0.018,3.012,2777.09,0.0,-1.0,0.0,0.0
397,-0.058,-1.104,3086.49,0.0,-1.0,0.0,0.0
398,0.219,2.542,1802.78,0.0,1.0,0.0,0.0
399,1.015,2.258,42.09,0.0,1.0,0.0,0.0
400,-0.49,2.36,198.37,0.0,1.0,0.0,0.0
401,0.296,-1.014,3839.57,0.0,1.0,0.0,0.0
402,-0.981,0.968,1389.42,0.0,1.0,0.0,0.0
403,-2.062,-3.086,1034.52,0.0,1.0,0.0,0.0
404,0.82,1.826,1865.82,0.0,-1.0,0.0,0.0
405,-0.701,-2.012,3142.23,0.0,1.0,0.0,0.0
406,0.289,-2.429,319.3,0.0,1.0,0.0,0.0
407,-0.654,-1.991,3209.29,0.0,-1.0,0.0,0.0
408,-0.764,-1.914,3374.96,0.0,-1.0,0.0,0.0
409,-0.219,0.34,3010.39,0.0,1.0,0.0,0.0
410,0.582,-0.626,1432.13,0.0,1.0,0.0,0.0
411,-0.299,-3.047,793.91,0.0,-1.0,0.0,0.0
412,1.138,-3.072,1193.14,0.0,-1.0,0.0,0.0
413,0.214,-0.777,578.76,0.0,1.0,0.0,0.0
414,-0.769,-0.591,1546.74,0.0,-1.0,0.0,0.0
415,-1.458,-1.482,740.42,0.0,1.0,0.0,0.0
416,-0.477,-2.177,83.91,0.0,1.0,0.0,0.0
417,-0.431,-1.744,903.6,0.0,1.0,0.0,0.0
418,0.71,1.173,2018.94,0.0,1.0,0.0,0.0
419,-0.132,1.666,364.29,0.0,-1.0,0.0,0.0
420,1.208,-1.829,892.44,0.0,1.0,0.0,0.0
421,1.718,0.627,325.44,0.0,1.0,0.0,0.0
422,-1.103,1.97,766.68,0.0,1.0,0.0,0.0
423,0.663,-1.147,1382.99,0.0,1.0,0.0,0.0
424,-1.509,-0.458,946.96,0.0,1.0,0.0,0.0
425,0.243,-0.234,1142.99,0.0,1.0,0.0,0.0
426,0.805,1.042,995.93,0.0,-1.0,0.0,0.0
427,-0.054,-0.41,3388.69,0.0,1.0,0.0,0.0
428,0.441,3.023,892.52,0.0,1.0,0.0,0.0
429,0.349,3.071,883.31,0.0,-1.0,0.0,0.0
430,0.543,2.306,606.31,0.0,1.0,0.0,0.0
431,1.266,0.149,460.31,0.0,-1.0,0.0,0.0
432,0.96,0.698,2268.82,0.0,1.0,0.0,0.0
433,-0.872,1.324,209.82,0.0,-1.0,0.0,0.0
434,-2.248,2.202,298.16,0.0,1.0,0.0,0.0
435,-2.361,1.652,373.8,0.0,1.0,0.0,0.0
436,-0.271,-2.072,3736.97,0.0,1.0,0.0,0.0
437,-1.121,-1.293,1184.53,0.0,1.0,0.0,0.0
438,-0.512,-1.713,25.8,0.0,1.0,0.0,0.0
439,-0.99,-1.732,1258.4,0.0,1.0,0.0,0.0
440,0.484,1.509,2875.91,0.0,1.0,0.0,0.0
441,-0.42,-0.676,619.13,0.0,1.0,0.0,0.0
442,-0.723,-1.119,647.27,0.0,1.0,0.0,0.0
443,-0.328,-2.672,3506.84,0.0,1.0,0.0,0.0
444,0.408,1.061,1153.16,0.0,-1.0,0.0,0.0
445,1.495,-1.979,93.91,0.0,-1.0,0.0,0.0
446,-0.214,1.562,111.91,0.0,-1.0,0.0,0.0
447,0.746,3.139,1399.0,0.0,1.0,0.0,0.0
448,-0.595,-0.886,863.2,0.0,-1.0,0.0,0.0
449,-1.487,1.897,63.58,0.0,-1.0,0.0,0.0
450,-1.059,0.119,62.73,0.0,1.0,0.0,0.0
451,-0.72,3.089,926.2,0.0,-1.0,0.0,0.0
452,1.011,1.443,245.93,0.0,1.0,0.0,0.0
453,0.36,-2.067,1858.44,0.0,1.0,0.0,0.0
454,0.789,-2.019,1693.28,0.0,1.0,0.0,0.0
455,0.711,1.743,559.15,0.0,-1.0,0.0,0.0
456,0.116,-1.156,1602.9,0.0,1.0,0.0,0.0
457,-0.708,0.887,450.67,0.0,1.0,0.0,0.0
458,-1.74,-1.359,74.93,0.0,1.0,0.0,0.0
459,-1.861,-0.022,777.66,0.0,1.0,0.0,0.0
460,-0.132,-3.052,3780.14,0.0,1.0,0.0,0.0
461,0.646,0.025,953.86,0.0,1.0,0.0,0.0
462,-1.992,0.799,920.38,0.0,-1.0,0.0,0.0
463,0.768,1.365,46.8,0.0,1.0,0.0,0.0
464,0.247,2.404,428.42,0.0,1.0,0.0,0.0
465,0.403,-1.937,2327.23,0.0,1.0,0.0,0.0
466,-1.448,1.708,451.9,0.0,1.0,0.0,0.0
467,-0.717,1.196,2607.08,0.0,1.0,0.0,0.0
468,0.863,-0.739,1593.79,0.0,-1.0,0.0,0.0
469,1.401,1.69,13.19,0.0,1.0,0.0,0.0
470,1.283,-2.482,1623.98,0.0,1.0,0.0,0.0
471,-0.582,2.045,913.8,0.0,1.0,0.0,0.0
472,0.873,2.171,837.51,0.0,1.0,0.0,0.0
473,-0.443,2.195,839.15,0.0,1.0,0.0,0.0
474,0.526,0.47,1980.46,0.0,1.0,0.0,0.0
475,1.141,0.963,2533.14,0.0,1.0,0.0,0.0
476,-0.785,-2.081,1728.24,0.0,-1.0,0.0,0.0
477,-0.431,2.948,1530.09,0.0,1.0,0.0,0.0
478,-0.35,-1.726,2154.87,0.0,-1.0,0.0,0.0
479,-0.201,3.138,306.11,0.0,1.0,0.0,0.0
480,0.677,-3.113,2985.25,0.0,-1.0,0.0,0.0
481,-0.419,-1.697,2269.37,0.0,1.0,0.0,0.0
482,-0.619,0.754,21.03,0.0,-1.0,0.0,0.0
483,0.875,2.072,2312.27,0.0,-1.0,0.0,0.0
484,0.28,-2.597,3058.72,0.0,-1.0,0.0,0.0
485,0.665,0.153,2862.16,0.0,1.0,0.0,0.0
486,0.282,-0.693,2619.76,0.0,1.0,0.0,0.0
487,-1.761,-0.059,379.57,0.0,1.0,0.0,0.0
488,1.243,-1.0,570.49,0.0,-1.0,0.0,0.0
489,-2.029,-0.885,765.65,0.0,1.0,0.0,0.0
490,0.51,-2.566,756.13,0.0,-1.0,0.0,0.0
491,-0.287,1.289,3400.74,0.0,-1.0,0.0,0.0
492,-0.471,-1.886,597.13,0.0,1.0,0.0,0.0
493,-0.516,-1.224,3056.98,0.0,-1.0,0.0,0.0
494,-1.126,-0.039,1791.2,0.0,1.0,0.0,0.0
495,-0.802,0.004,77.06,0.0,1.0,0.0,0.0
496,-2.475,2.398,16.84,0.0,-1.0,0.0,0.0
497,-0.188,1.722,2281.81,0.0,-1.0,0.0,0.0
498,-0.519,-0.101,2101.83,0.0,1.0,0.0,0.0
499,-0.858,-1.736,70.02,0.0,-1.0,0.0,0.0
500,0.952,-0.318,3154.24,0.0,-1.0,0.0,0.0
501,0.228,-2.901,602.32,0.0,1.0,0.0,0.0
502,-0.529,0.262,3190.12,0.0,1.0,0.0,0.0
503,-0.317,2.835,2486.33,0.0,1.0,0.0,0.0
504,0.094,0.032,4572.85,0.0,1.0,0.0,0.0
505,0.282,0.853,991.67,0.0,1.0,0.0,0.0
506,1.707,0.588,832.34,0.0,-1.0,0.0,0.0
507,1.209,-1.68,204.15,0.0,1.0,0.0,0.0
508,0.332,1.025,1732.27,0.0,-1.0,0.0,0.0
509,0.274,-1.019,2365.79,0.0,1.0,0.0,0.0
510,-0.601,-1.406,1392.1,0.0,1.0,0.0,0.0
511,0.269,1.169,2386.91,0.0,1.0,0.0,0.0
512,-1.502,3.001,121.93,0.0,1.0,0.0,0.0
513,1.007,0.7,606.73,0.0,1.0,0.0,0.0
514,0.626,0.275,1892.44,0.0,1.0,0.0,0.0
515,-1.794,1.575,68.24,0.0,1.0,0.0,0.0
516,1.329,1.161,1330.89,0.0,-1.0,0.0,0.0
517,0.844,-0.248,2655.64,0.0,-1.0,0.0,0.0
518,0.802,-0.297,747.82,0.0,1.0,0.0,0.0
519,-1.1,-0.082,2428.85,0.0,1.0,0.0,0.0
520,1.21,-1.376,134.44,0.0,1.0,0.0,0.0
521,-0.34,3.135,2708.37,0.0,1.0,0.0,0.0
522,0.781,-0.963,1409.23,0.0,1.0,0.0,0.0
523,0.411,-2.676,1723.83,0.0,1.0,0.0,0.0
524,-1.169,2.728,1131.52,0.0,-1.0,0.0,0.0
525,-0.317,3.072,2286.73,0.0,-1.0,0.0,0.0
526,-0.273,3.086,1753.53,0.0,1.0,0.0,0.0
527,1.975,-0.603,1073.03,0.0,1.0,0.0,0.0
528,-0.663,-2.752,903.2,0.0,-1.0,0.0,0.0
529,-1.506,1.773,1413.49,0.0,1.0,0.0,0.0
530,0.421,-0.583,3984.02,0.0,-1.0,0.0,0.0
531,-1.082,0.759,294.22,0.0,1.0,0.0,0.0
532,0.959,1.515,69.07,0.0,1.0,0.0,0.0
533,0.354,1.273,71.17,0.0,1.0,0.0,0.0
534,-0.287,-1.053,1558.44,0.0,-1.0,0.0,0.0
535,0.513,1.489,3035.02,0.0,-1.0,0.0,0.0
536,-0.344,-1.539,1030.12,0.0,1.0,0.0,0.0
537,-0.572,0.704,1809.37,0.0,-1.0,0.0,0.0
538,0.086,0.173,3092.08,0.0,1.0,0.0,0.0
539,-1.916,-1.736,65.27,0.0,1.0,0.0,0.0
540,0.782,-0.569,2232.56,0.0,1.0,0.0,0.0
541,-0.469,0.806,459.23,0.0,-1.0,0.0,0.0
542,-0.3,0.794,3160.71,0.0,-1.0,0.0,0.0
543,1.362,2.305,1075.67,0.0,-1.0,0.0,0.0
544,-0.287,-2.494,747.45,0.0,1.0,0.0,0.0
545,0.954,-0.271,2839.93,0.0,1.0,0.0,0.0
546,-0.874,-0.719,1632.72,0.0,1.0,0.0,0.0
547,-0.138,1.489,785.89,0.0,1.0,0.0,0.0
548,0.908,-2.652,317.32,0.0,1.0,0.0,0.0
549,-1.346,0.012,241.32,0.0,1.0,0.0,0.0
550,-0.287,2.386,3288.77,0.0,-1.0,0.0,0.0
551,-0.183,1.463,3299.28,0.0,1.0,0.0,0.0
552,0.387,-3.028,1274.83,0.0,-1.0,0.0,0.0
553,0.647,1.043,81.06,0.0,1.0,0.0,0.0
554,-0.512,-0.972,1457.54,0.0,1.0,0.0,0.0
555,-0.026,-1.835,599.46,0.0,1.0,0.0,0.0
556,-0.234,-2.322,3532.74,0.0,1.0,0.0,0.0
557,-0.643,0.958,1550.75,0.0,-1.0,0.0,0.0
558,-0.044,-3.135,296.39,0.0,1.0,0.0,0.0
559,0.454,-0.207,1967.4,0.0,1.0,0.0,0.0
560,-0.449,0.526,220.37,0.0,1.0,0.0,0.0
561,-0.156,1.559,1299.5,0.0,-1.0,0.0,0.0
562,0.657,1.567,1362.49,0.0,-1.0,0.0,0.0
563,-0.025,-2.713,541.33,0.0,1.0,0.0,0.0
564,-1.232,-1.547,91.29,0.0,1.0,0.0,0.0
565,0.052,-2.149,639.88,0.0,1.0,0.0,0.0
566,-0.985,-1.202,442.23,0.0,1.0,0.0,0.0
567,-0.007,0.115,310.26,0.0,-1.0,0.0,0.0
568,-0.782,-0.462,1395.06,0.0,-1.0,0.0,0.0
569,-0.267,-2.541,4210.28,0.0,-1.0,0.0,0.0
570,0.451,0.431,1364.14,0.0,-1.0,0.0,0.0
571,-0.064,-1.126,3095.34,0.0,-1.0,0.0,0.0
572,-0.073,-1.095,175.13,0.0,1.0,0.0,0.0
573,2.048,1.446,901.02,0.0,1.0,0.0,0.0
574,0.663,2.623,1804.03,0.0,1.0,0.0,0.0
575,0.618,-2.312,618.43,0.0,1.0,0.0,0.0
576,0.195,2.5,4049.42,0.0,1.0,0.0,0.0
577,0.142,3.112,1238.99,0.0,1.0,0.0,0.0
578,0.432,-2.102,1924.44,0.0,1.0,0.0,0.0
579,-0.251,-1.07,152.54,0.0,-1.0,0.0,0.0
580,-0.685,-2.732,3043.8,0.0,-1.0,0.0,0.0
581,-0.202,-1.143,583.13,0.0,1.0,0.0,0.0
582,0.609,0.214,1643.65,0.0,1.0,0.0,0.0
583,0.167,1.521,3034.24,0.0,-1.0,0.0,0.0
584,1.227,-1.463,1291.0,0.0,1.0,0.0,0.0
585,-1.072,1.543,612.9,0.0,1.0,0.0,0.0
586,1.105,2.15,826.46,0.0,1.0,0.0,0.0
587,-0.505,-2.359,2948.88,0.0,-1.0,0.0,0.0
588,0.766,-0.218,2555.58,0.0,1.0,0.0,0.0
589,-2.157,-2.348,678.57,0.0,-1.0,0.0,0.0
590,-0.601,-3.059,1192.69,0.0,1.0,0.0,0.0
591,-1.423,0.638,523.99,0.0,-1.0,0.0,0.0
592,1.103,-2.381,768.81,0.0,1.0,0.0,0.0
593,0.473,-2.744,401.3,0.0,-1.0,0.0,0.0
594,-0.113,0.897,2321.75,0.0,1.0,0.0,0.0
595,-0.947,-2.043,136.23,0.0,1.0,0.0,0.0
596,0.802,2.34,2610.09,0.0,-1.0,0.0,0.0
597,-1.293,-1.446,1624.39,0.0,1.0,0.0,0.0
598,1.932,1.311,27.2,0.0,1.0,0.0,0.0
599,0.156,-1.81,71.34,0.0,1.0,0.0,0.0
600,0.907,-1.758,982.8,0.0,1.0,0.0,0.0
601,-0.381,-3.018,1193.6,0.0,1.0,0.0,0.0
602,-0.31,-2.919,479.01,0.0,-1.0,0.0,0.0
603,1.199,-2.601,334.2,0.0,-1.0,0.0,0.0
604,-0.548,-2.662,42.7,0.0,1.0,0.0,0.0
605,0.605,-2.099,214.03,0.0,1.0,0.0,0.0
606,1.239,1.068,2121.55,0.0,1.0,0.0,0.0
607,-1.948,-1.159,853.1,0.0,-1.0,0.0,0.0
608,-0.566,-1.286,1097.78,0.0,-1.0,0.0,0.0
609,1.012,1.755,453.91,0.0,1.0,0.0,0.0
610,-0.059,-0.665,1172.31,0.0,1.0,0.0,0.0
611,-0.656,-0.022,820.35,0.0,1.0,0.0,0.0
612,-0.295,0.381,1970.56,0.0,1.0,0.0,0.0
613,0.244,-1.881,830.98,0.0,1.0,0.0,0.0
614,0.837,1.653,2787.9,0.0,-1.0,0.0,0.0
615,-1.451,-1.045,1771.06,0.0,1.0,0.0,0.0
616,-0.581,2.866,2824.84,0.0,1.0,0.0,0.0
617,1.023,-1.393,2042.99,0.0,1.0,0.0,0.0
618,-0.514,1.999,2622.36,0.0,1.0,0.0,0.0
619,0.093,2.822,107.04,0.0,-1.0,0.0,0.0
620,-0.302,-2.48,724.76,0.0,-1.0,0.0,0.0
621,0.036,1.333,4028.32,0.0,-1.0,0.0,0.0
622,0.231,0.003,3903.53,0.0,-1.0,0.0,0.0
623,-1.191,2.606,2136.39,0.0,-1.0,0.0,0.0
624,1.651,0.353,1181.68,0.0,1.0,0.0,0.0
625,0.125,0.236,3411.94,0.0,-1.0,0.0,0.0
626,2.107,-0.577,567.51,0.0,1.0,0.0,0.0
627,1.051,-1.915,2197.18,0.0,1.0,0.0,0.0
628,0.048,-1.521,161.76,0.0,1.0,0.0,0.0
629,0.129,2.594,1723.88,0.0,-1.0,0.0,0.0
630,0.149,-2.608,482.72,0.0,1.0,0.0,0.0
631,0.533,-0.876,2970.31,0.0,-1.0,0.0,0.0
632,-0.258,0.651,1203.49,0.0,1.0,0.0,0.0
633,0.696,1.793,1921.63,0.0,1.0,0.0,0.0
634,-1.808,-1.741,200.95,0.0,1.0,0.0,0.0
635,-0.572,-0.381,2868.87,0.0,1.0,0.0,0.0
636,0.247,0.545,442.38,0.0,1.0,0.0,0.0
637,0.447,1.027,2173.99,0.0,1.0,0.0,0.0
638,-0.049,1.862,2892.85,0.0,1.0,0.0,0.0
639,0.795,-2.015,185.53,0.0,1.0,0.0,0.0
640,-0.093,2.735,550.46,0.0,1.0,0.0,0.0
641,-1.139,-0.115,58.17,0.0,-1.0,0.0,0.0
642,-1.51,-1.639,382.81,0.0,1.0,0.0,0.0
643,-0.369,-1.832,2223.09,0.0,1.0,0.0,0.0
644,-1.793,-1.3,149.07,0.0,1.0,0.0,0.0
645,0.382,-2.234,3487.5,0.0,1.0,0.0,0.0
646,0.333,-2.3,347.0,0.0,-1.0,0.0,0.0
647,0.652,-0.171,1946.0,0.0,-1.0,0.0,0.0
648,0.258,-0.928,103.17,0.0,1.0,0.0,0.0
649,0.684,-2.64,2663.25,0.0,1.0,0.0,0.0
650,0.645,0.564,3640.1,0.0,1.0,0.0,0.0
651,0.301,1.768,1466.67,0.0,1.0,0.0,0.0
652,-0.467,1.564,3154.09,0.0,1.0,0.0,0.0
653,-0.727,-1.567,1522.2,0.0,-1.0,0.0,0.0
654,-1.227,1.356,934.56,0.0,-1.0,0.0,0.0
655,-1.765,-0.801,563.76,0.0,1.0,0.0,0.0
656,-1.661,1.028,640.73,0.0,1.0,0.0,0.0
657,-0.944,-0.154,2775.2,0.0,1.0,0.0,0.0
658,-0.192,-1.905,2612.91,0.0,1.0,0.0,0.0
659,-0.547,-2.619,2273.9,0.0,-1.0,0.0,0.0
660,-0.773,-0.446,311.9,0.0,-1.0,0.0,0.0
661,0.494,0.307,1747.0,0.0,1.0,0.0,0.0
662,1.614,-0.253,51.17,0.0,1.0,0.0,0.0
663,-1.229,-0.856,41.16,0.0,1.0,0.0,0.0
664,-0.233,0.484,3683.69,0.0,-1.0,0.0,0.0
665,0.501,1.132,673.55,0.0,-1.0,0.0,0.0
666,0.157,-2.282,480.83,0.0,-1.0,0.0,0.0
667,1.497,0.735,315.76,0.0,1.0,0.0,0.0
668,0.235,0.925,3058.4,0.0,1.0,0.0,0.0
669,0.322,-0.918,910.33,0.0,1.0,0.0,0.0
670,0.439,1.277,2298.91,0.0,1.0,0.0,0.0
671,0.653,1.041,589.21,0.0,1.0,0.0,0.0
672,-0.179,-0.831,3312.01,0.0,1.0,0.0,0.0
673,-1.465,2.224,300.54,0.0,1.0,0.0,0.0
674,-1.12,-0.408,1424.08,0.0,-1.0,0.0,0.0
675,0.799,-2.664,3288.83,0.0,1.0,0.0,0.0
676,-0.146,-2.43,2238.75,0.0,1.0,0.0,0.0
677,-0.395,2.6,340.07,0.0,1.0,0.0,0.0
678,0.145,-1.972,2390.39,0.0,-1.0,0.0,0.0
679,-0.258,2.155,4008.28,0.0,1.0,0.0,0.0
680,1.716,-1.025,747.3,0.0,1.0,0.0,0.0
681,1.248,0.371,852.05,0.0,1.0,0.0,0.0
682,0.64,1.359,60.3,0.0,1.0,0.0,0.0
683,-1.202,-2.078,2139.39,0.0,1.0,0.0,0.0
684,-0.142,-0.663,3366.86,0.0,-1.0,0.0,0.0
685,-1.016,1.142,2623.52,0.0,1.0,0.0,0.0
686,-0.362,2.806,139.42,0.0,1.0,0.0,0.0
687,-1.901,1.248,257.05,0.0,1.0,0.0,0.0
688,-0.604,0.529,3328.06,0.0,1.0,0.0,0.0
689,-0.768,1.402,2256.19,0.0,1.0,0.0,0.0
690,-1.648,1.473,58.96,0.0,1.0,0.0,0.0
691,-1.053,2.086,903.29,0.0,-1.0,0.0,0.0
692,-1.126,0.384,225.75,0.0,1.0,0.0,0.0
693,0.837,0.06,411.89,0.0,1.0,0.0,0.0
694,-0.576,-0.308,3544.32,0.0,-1.0,0.0,0.0
695,2.079,-0.594,92.4,0.0,1.0,0.0,0.0
696,-1.339,3.024,26.79,0.0,1.0,0.0,0.0
697,-0.578,-0.422,287.73,0.0,1.0,0.0,0.0
698,0.774,1.503,1509.39,0.0,1.0,0.0,0.0
699,0.694,-1.212,2019.23,0.0,-1.0,0.0,0.0
700,-0.505,1.255,3142.68,0.0,-1.0,0.0,0.0
701,-1.221,-0.315,1874.83,0.0,-1.0,0.0,0.0
702,1.077,-0.301,1192.41,0.0,1.0,0.0,0.0
703,-0.864,-0.161,40.92,0.0,-1.0,0.0,0.0
704,-0.924,-2.433,313.46,0.0,1.0,0.0,0.0
