,eta,phi,PT,jmass,ntrk,btag,hadem
0,-0.354,3.003,379.28,62.89,-1.0,0.0,0.09
1,-0.42,0.074,430.24,10.44,1.0,0.0,999.9
2,0.981,-1.811,925.39,99.05,1.0,0.0,0.45
3,0.832,0.72,1100.09,0.14,1.0,0.0,999.9
4,0.021,1.872,3502.54,90.45,-1.0,0.0,0.1
5,0.481,-2.848,494.68,1.7,-1.0,0.0,0.0
6,-1.366,1.138,96.76,12.18,1.0,0.0,0.0
7,-0.646,-1.451,608.29,77.88,1.0,0.0,0.05
8,-1.401,0.707,28.98,5.57,1.0,0.0,0.59
9,-0.953,-0.342,53.39,8.17,1.0,0.0,999.9
10,0.503,1.296,2970.57,108.76,-1.0,0.0,1.96
11,-0.197,0.224,1853.37,60.5,-1.0,0.0,0.01
12,1.385,0.713,37.28,7.46,1.0,0.0,3.93
13,0.494,0.521,3020.63,50.87,1.0,0.0,0.0
14,1.87,-0.111,24.58,5.29,1.0,0.0,4.01
15,-0.14,-0.551,3431.57,68.11,1.0,0.0,0.11
16,0.226,-0.119,4073.33,580.07,-1.0,0.0,0.64
17,1.056,-1.282,26.83,3.92,1.0,0.0,1.99
18,0.344,-2.622,3159.88,186.38,1.0,0.0,0.03
19,0.182,0.114,2329.45,116.89,-1.0,0.0,0.6
20,1.459,-2.79,27.01,4.89,-1.0,0.0,18.01
21,-0.399,0.414,1735.73,213.69,1.0,0.0,0.56
22,0.217,-1.598,1550.66,109.52,1.0,0.0,2.68
23,0.843,0.549,162.28,31.36,1.0,0.0,1.11
24,0.235,-0.547,1655.67,38.68,-1.0,0.0,999.9
25,0.147,-2.253,72.98,12.05,1.0,0.0,0.12
26,-0.144,-0.865,113.76,21.22,-1.0,0.0,0.44
27,-0.671,-1.447,692.14,60.84,1.0,0.0,0.0
28,-0.298,0.881,431.34,70.7,1.0,0.0,0.08
29,-1.209,1.506,1476.51,117.51,-1.0,0.0,0.08
30,0.107,1.301,807.13,70.65,1.0,0.0,2.99
31,0.345,-1.056,2714.28,28.04,1.0,0.0,0.0
32,-1.064,-2.933,317.01,9.61,1.0,0.0,0.42
33,-0.015,1.898,1155.98,0.14,-1.0,0.0,999.9
34,-0.01,-2.507,23.43,6.56,-1.0,0.0,3.76
35,0.131,-2.639,983.63,45.95,1.0,0.0,1.62
36,1.56,-0.53,50.62,2.63,-1.0,0.0,0.48
37,-0.641,-2.585,4020.17,216.39,1.0,0.0,2.17
38,-1.243,-2.807,1525.18,156.21,-1.0,0.0,0.19
39,0.437,0.38,36.31,4.27,1.0,0.0,0.0
40,-0.583,1.712,1690.27,35.94,1.0,0.0,0.97
41,-0.403,-2.446,1448.26,113.73,1.0,0.0,1.05
42,0.432,2.002,2899.47,79.38,-1.0,0.0,1.55
43,-0.809,-1.574,99.79,16.83,-1.0,0.0,1.4
44,1.522,1.663,1294.9,81.92,-1.0,0.0,2.21
45,1.391,2.69,100.27,8.82,1.0,0.0,0.0
46,0.985,2.708,2162.47,172.3,-1.0,0.0,1.05
47,0.194,-0.892,1739.75,93.12,1.0,0.0,0.55
48,-0.124,2.016,2780.44,76.84,1.0,0.0,0.4
49,0.642,0.244,138.58,30.27,1.0,0.0,0.64
50,-0.54,2.749,1271.97,98.07,1.0,0.0,0.02
51,-0.056,-3.061,725.7,12.22,-1.0,0.0,0.0
52,-1.057,-2.85,1964.56,326.42,1.0,0.0,0.13
53,-0.996,1.374,468.27,14.04,1.0,0.0,80.97
54,-0.489,1.481,1424.1,148.48,-1.0,0.0,1.91
55,0.474,0.12,358.88,19.53,1.0,0.0,0.1
56,-0.931,2.7,29.25,1.94,1.0,0.0,0.0
57,-0.175,-1.426,2634.89,27.62,1.0,0.0,0.0
58,0.651,-2.741,2956.72,272.82,-1.0,0.0,0.01
59,1.038,-2.344,70.28,13.52,-1.0,0.0,0.95
60,1.552,0.681,429.01,72.79,1.0,0.0,0.85
61,0.181,0.838,1355.76,287.93,1.0,0.0,1.48
62,0.472,2.843,2554.43,81.64,-1.0,0.0,0.84
63,-0.477,-2.623,1376.8,279.13,1.0,0.0,0.1
64,-0.479,-3.034,987.85,77.41,1.0,0.0,1.17
65,2.127,-0.574,80.51,8.51,-1.0,0.0,1.8
66,-0.004,-1.049,2161.93,143.4,-1.0,0.0,0.24
67,-2.068,1.969,474.8,42.97,-1.0,0.0,0.11
68,-0.732,-2.511,731.27,127.0,-1.0,0.0,0.07
69,-0.581,-2.012,97.83,13.21,-1.0,0.0,0.46
70,1.349,2.678,221.78,21.55,-1.0,0.0,4.17
71,0.252,-1.567,131.96,0.14,-1.0,0.0,999.9
72,0.795,-0.261,1100.1,44.52,-1.0,0.0,1.72
73,-0.315,0.879,1586.12,78.39,1.0,0.0,0.0
74,-0.359,-2.819,3351.01,359.45,-1.0,0.0,0.8
75,-0.038,2.1,1330.43,205.17,-1.0,0.0,0.88
76,-0.454,2.9,2661.69,176.59,-1.0,0.0,0.01
77,0.227,-2.516,612.92,57.06,1.0,0.0,0.32
78,0.396,-1.854,23.01,3.83,1.0,0.0,1.41
79,0.598,2.16,59.39,10.28,1.0,0.0,0.76
80,0.103,-1.836,1250.86,84.81,1.0,0.0,0.5
81,0.387,1.036,1130.69,47.42,-1.0,0.0,2.46
82,-0.485,-2.941,60.3,6.76,-1.0,0.0,0.0
83,2.445,-1.41,29.52,5.62,-1.0,0.0,2.68
84,-0.156,-1.986,328.73,15.29,-1.0,0.0,4.29
85,1.194,2.363,28.01,2.51,1.0,0.0,999.9
86,-1.299,-2.791,1450.94,47.44,1.0,0.0,0.02
87,-0.193,1.59,2112.01,5.59,1.0,0.0,0.0
88,-2.065,0.451,49.24,0.85,1.0,0.0,0.0
89,0.0,1.624,2758.13,76.42,-1.0,0.0,0.51
90,-0.705,1.019,1216.83,153.86,-1.0,0.0,0.34
91,-0.589,1.523,31.63,6.6,-1.0,0.0,0.0
92,-0.313,2.727,1396.06,52.85,-1.0,0.0,0.01
93,-0.29,1.979,32.0,1.91,1.0,0.0,999.9
94,0.553,-1.381,55.85,6.6,1.0,0.0,0.19
95,-0.392,1.756,135.46,17.22,1.0,0.0,0.5
96,1.135,0.321,110.1,13.53,1.0,0.0,0.0
97,0.031,2.54,2089.43,40.28,-1.0,0.0,0.0
98,-0.976,-0.091,267.61,7.25,1.0,0.0,0.0
99,-0.587,-0.262,172.49,5.18,1.0,0.0,0.0
100,0.234,-0.841,988.21,81.67,1.0,0.0,1.81
101,-0.214,-0.464,695.62,65.7,-1.0,0.0,0.03
102,-0.54,-1.853,1386.98,147.2,-1.0,0.0,1.91
103,0.246,-2.484,890.6,41.25,-1.0,0.0,0.0
104,0.032,-3.06,946.66,96.29,1.0,0.0,0.0
105,0.178,1.839,1264.02,144.61,1.0,0.0,0.0
106,-0.423,-1.301,1742.66,192.21,1.0,0.0,0.36
107,0.573,0.01,413.08,43.87,1.0,0.0,0.0
108,0.129,1.292,475.49,32.18,1.0,0.0,0.22
109,-0.86,1.805,1120.61,36.62,-1.0,0.0,0.19
110,-0.405,2.473,826.87,31.63,1.0,0.0,4.18
111,-0.678,-2.522,44.73,0.15,1.0,0.0,999.9
112,-0.226,1.286,1179.75,100.85,-1.0,0.0,0.29
113,-1.206,0.353,87.75,7.22,-1.0,0.0,0.42
114,-0.883,2.714,127.21,17.03,1.0,0.0,0.08
115,0.979,0.958,272.47,29.75,-1.0,0.0,0.09
116,0.23,-2.366,2596.02,24.25,-1.0,0.0,0.02
117,0.553,-0.386,2795.41,127.43,-1.0,0.0,1.22
118,-0.562,-0.717,541.55,23.24,-1.0,0.0,0.9
119,1.777,-2.123,27.11,3.24,-1.0,0.0,0.19
120,0.134,-0.999,2276.81,116.51,-1.0,0.0,0.02
121,-0.393,-0.991,175.25,11.41,1.0,0.0,999.9
122,0.583,-0.221,894.03,19.22,1.0,0.0,999.9
123,0.732,-2.983,641.76,60.36,1.0,0.0,0.3
124,1.294,-0.779,45.75,0.15,-1.0,0.0,999.9
125,-1.531,-0.756,115.41,10.31,-1.0,0.0,6.63
126,-1.005,2.109,503.21,63.55,-1.0,0.0,0.24
127,1.2,1.82,761.67,70.27,-1.0,0.0,1.18
128,1.083,3.033,1093.44,66.76,-1.0,0.0,0.4
129,-0.492,-0.807,2069.25,6.19,-1.0,0.0,0.0
130,-0.093,2.465,2793.05,123.96,1.0,0.0,0.03
131,-0.336,2.225,71.11,4.99,1.0,0.0,2.07
132,-0.596,-1.457,907.93,59.07,1.0,0.0,0.66
133,-0.037,1.804,170.67,11.1,-1.0,0.0,18.61
134,1.445,-0.001,932.34,189.65,1.0,0.0,0.94
135,0.013,1.127,2525.77,138.16,1.0,0.0,0.0
136,-0.027,-2.849,507.22,9.02,-1.0,0.0,999.9
137,-0.602,-1.505,94.88,0.14,1.0,0.0,999.9
138,0.19,-2.172,2687.72,177.6,-1.0,0.0,0.8
139,-0.305,1.626,317.35,70.12,1.0,0.0,0.37
140,0.147,1.79,4150.26,206.06,1.0,0.0,0.32
141,-1.085,-2.749,55.29,1.97,-1.0,0.0,0.0
142,-0.959,2.45,2356.92,238.1,-1.0,0.0,0.3
143,0.148,-2.679,2824.42,120.82,1.0,0.0,32.94
144,-0.36,-1.358,1497.85,51.05,1.0,0.0,0.72
145,0.268,0.146,2952.98,125.48,-1.0,0.0,1.94
146,0.523,-2.308,1606.94,128.66,1.0,0.0,0.09
147,1.446,-1.586,196.61,13.11,-1.0,0.0,0.07
148,-1.397,-1.497,256.91,19.63,1.0,0.0,0.0
149,-1.095,-1.186,62.99,9.16,1.0,0.0,0.7
150,0.45,-0.194,1087.83,96.06,1.0,0.0,0.03
151,0.204,0.237,35.65,6.34,1.0,0.0,0.0
152,-1.195,-1.198,1616.03,84.18,1.0,0.0,1.19
153,-1.08,1.246,116.07,18.38,-1.0,0.0,0.42
154,0.308,-0.214,471.53,84.45,1.0,0.0,0.64
155,-1.239,1.457,1531.36,18.3,1.0,0.0,6.28
156,0.675,1.098,3336.79,57.31,1.0,0.0,0.0
157,-0.919,2.504,1574.21,128.71,-1.0,0.0,1.49
158,-0.772,2.228,1485.98,170.08,-1.0,0.0,0.37
159,-0.781,1.824,767.77,54.63,-1.0,0.0,0.67
160,0.469,-1.681,136.1,9.39,1.0,0.0,0.0
161,-0.45,-2.084,986.59,81.35,1.0,0.0,0.74
162,0.014,-1.999,196.13,28.46,1.0,0.0,0.64
163,-0.65,2.157,831.42,55.87,-1.0,0.0,0.82
164,0.573,0.747,1622.52,55.14,-1.0,0.0,6.56
165,-0.352,-0.602,2532.09,20.22,1.0,0.0,0.0
166,-0.036,-1.826,32.95,6.01,-1.0,0.0,0.0
167,1.711,0.09,340.28,5.12,1.0,0.0,2.26
168,-0.857,-3.002,360.68,30.15,-1.0,0.0,1.45
169,0.772,0.473,1107.07,40.91,-1.0,0.0,1.52
170,-0.648,-2.199,1245.33,64.01,1.0,0.0,0.0
171,0.476,-1.795,138.57,0.89,-1.0,0.0,0.0
172,-0.322,-1.243,840.8,103.84,1.0,0.0,0.22
173,-0.497,1.07,2088.93,68.31,1.0,0.0,0.03
174,-1.324,1.888,789.0,81.86,-1.0,0.0,0.19
175,1.196,1.795,235.16,12.5,1.0,0.0,0.02
176,1.343,2.244,142.7,14.26,1.0,0.0,0.38
177,-0.474,2.217,924.97,102.67,1.0,0.0,0.47
178,0.923,1.428,36.17,0.15,1.0,0.0,999.9
179,0.325,-0.384,1090.82,86.74,-1.0,0.0,0.71
180,0.189,0.203,1928.27,76.54,1.0,0.0,0.08
181,-0.773,1.879,155.78,30.5,1.0,0.0,3.59
182,2.397,-1.11,370.76,29.19,1.0,0.0,2.18
183,-0.323,-2.428,3728.97,188.93,-1.0,0.0,1.03
184,0.121,-0.316,1031.77,79.18,1.0,0.0,0.82
185,0.502,0.861,106.53,6.33,1.0,0.0,0.0
186,0.771,-0.63,27.4,3.75,1.0,0.0,0.0
187,-0.869,-3.127,24.3,2.8,1.0,0.0,0.0
188,0.306,-3.102,2810.0,10.75,1.0,0.0,0.0
189,-0.305,-2.805,716.92,50.72,-1.0,0.0,0.38
190,0.288,-2.202,2096.19,177.17,1.0,0.0,0.81
191,1.051,0.376,2259.14,120.37,-1.0,0.0,1.2
192,0.366,2.923,1498.2,166.49,1.0,0.0,1.25
193,-0.002,1.536,1145.61,93.75,1.0,0.0,1.88
194,0.555,-1.433,1278.84,106.64,-1.0,0.0,1.25
195,-0.548,2.082,492.37,16.5,1.0,0.0,0.0
196,-0.506,-2.874,437.97,34.19,1.0,0.0,2.1
197,1.47,-0.685,31.08,5.65,1.0,0.0,7.98
198,0.56,2.731,2864.37,116.56,1.0,0.0,0.32
199,-0.323,-1.403,26.44,0.16,1.0,0.0,999.9
200,-0.579,1.528,2639.59,147.75,-1.0,0.0,1.37
201,-0.546,-0.551,117.51,16.99,-1.0,0.0,1.3
202,1.028,-0.256,1414.67,122.04,-1.0,0.0,1.15
203,-1.193,1.086,920.8,45.53,-1.0,0.0,1.39
204,0.338,2.074,3414.15,667.61,1.0,0.0,0.04
205,0.209,-3.127,2489.87,61.07,1.0,0.0,0.2
206,1.291,-0.663,1333.38,114.58,1.0,0.0,0.14
207,1.455,-2.343,373.17,43.88,1.0,0.0,0.41
208,-1.85,-1.187,786.6,77.9,-1.0,0.0,0.22
209,1.212,0.399,280.39,26.18,1.0,0.0,0.54
210,0.356,-0.758,46.35,5.14,1.0,0.0,0.2
211,-0.237,1.318,1268.0,91.4,-1.0,0.0,0.52
212,-1.792,0.804,1071.98,147.01,-1.0,0.0,0.93
213,-0.335,-1.04,1639.83,131.91,-1.0,0.0,1.55
214,-1.534,-1.959,23.98,4.33,-1.0,0.0,0.0
215,-1.11,-1.117,488.9,67.79,1.0,0.0,0.83
216,1.417,-2.813,1213.61,184.81,1.0,0.0,1.07
217,-0.23,1.19,48.51,6.85,-1.0,0.0,2.15
218,0.735,-0.627,1210.47,33.28,1.0,0.0,999.9
219,-0.334,0.751,115.92,20.44,1.0,0.0,1.88
220,0.138,-1.686,2085.76,113.63,1.0,0.0,0.0
221,0.794,1.996,62.63,8.4,1.0,0.0,0.82
222,-0.336,2.706,1776.31,96.81,1.0,0.0,3.16
223,0.296,1.748,200.44,18.18,1.0,0.0,3.88
224,1.137,1.884,1394.55,129.37,-1.0,0.0,0.04
225,0.36,-0.155,51.61,10.56,-1.0,0.0,0.82
226,-0.149,0.072,1837.75,90.26,-1.0,0.0,0.05
227,-0.875,2.873,1072.18,59.96,1.0,0.0,0.06
228,-0.556,1.193,2634.27,271.12,1.0,0.0,0.08
229,-0.056,-1.287,947.59,55.04,1.0,0.0,0.0
230,-0.279,0.855,2324.69,128.69,1.0,0.0,0.91
231,-1.04,2.69,1840.4,11.04,-1.0,0.0,0.21
232,-1.736,0.021,245.07,50.15,1.0,0.0,0.41
233,-0.704,-2.083,2091.26,12.5,1.0,0.0,0.0
234,-1.855,-0.486,37.81,9.81,1.0,0.0,0.76
235,-1.511,-0.306,1644.49,40.23,-1.0,0.0,0.32
236,0.347,-0.656,3912.73,689.22,1.0,0.0,0.63
237,-0.831,1.196,219.76,14.26,1.0,0.0,1.92
238,1.583,3.05,34.1,4.94,1.0,0.0,3.8
239,-0.566,1.434,3238.55,245.54,-1.0,0.0,0.46
240,-0.253,-1.866,2621.2,58.28,1.0,0.0,0.12
241,0.978,0.448,335.25,34.36,-1.0,0.0,1.36
242,0.898,2.439,380.04,24.81,1.0,0.0,0.51
243,-0.112,-0.495,2138.03,7.51,1.0,0.0,0.0
244,-1.03,-2.537,423.15,37.55,1.0,0.0,0.03
245,-0.656,-1.411,59.02,8.92,-1.0,0.0,999.9
246,0.383,-2.23,2118.71,145.67,-1.0,0.0,0.17
247,0.156,-3.038,293.73,15.87,-1.0,0.0,0.21
248,-0.152,-1.944,1601.14,4.91,-1.0,0.0,0.0
249,0.578,-1.641,885.01,162.73,-1.0,0.0,0.05
250,0.137,1.991,896.53,9.94,1.0,0.0,999.9
251,-0.822,0.298,768.33,21.81,-1.0,0.0,1.56
252,1.826,-1.946,397.07,34.73,1.0,0.0,0.41
253,1.649,-2.184,163.58,16.38,-1.0,0.0,1.06
254,-1.179,1.511,896.32,53.98,1.0,0.0,1.52
255,0.286,1.999,613.55,18.91,1.0,0.0,1.12
256,-0.635,2.26,1225.8,59.66,-1.0,0.0,0.01
257,-0.616,-1.721,2177.77,0.14,-1.0,0.0,999.9
258,-0.915,1.648,601.35,45.42,-1.0,0.0,0.08
259,-0.317,0.995,2072.35,50.3,1.0,0.0,1.21
260,0.945,0.078,2486.41,19.97,1.0,0.0,0.0
261,-0.712,2.437,38.61,3.34,-1.0,0.0,999.9
262,0.763,2.491,141.06,0.14,1.0,0.0,999.9
263,-0.595,0.466,1996.35,46.47,-1.0,0.0,0.28
264,0.385,1.793,3155.13,47.62,-1.0,0.0,0.43
265,0.704,-2.518,303.57,63.03,1.0,0.0,0.4
266,-0.34,-0.08,733.43,46.79,1.0,0.0,0.01
267,-3.565,-1.975,23.62,5.42,1.0,0.0,1.08
268,0.031,1.544,1309.72,122.68,-1.0,0.0,1.27
269,1.418,0.87,134.32,26.1,1.0,0.0,1.44
270,-1.018,1.528,26.01,7.0,-1.0,0.0,1.18
271,0.831,2.821,531.12,60.59,1.0,0.0,0.27
272,0.032,-2.851,214.72,27.72,1.0,0.0,0.05
273,0.791,2.839,56.59,6.36,-1.0,0.0,1.3
274,-0.491,-0.924,294.58,13.88,1.0,0.0,0.0
275,0.034,0.519,1221.34,59.35,1.0,0.0,0.36
276,-0.47,3.03,2604.5,164.78,1.0,0.0,0.11
277,0.034,0.05,105.12,19.54,1.0,0.0,0.82
278,-1.58,-1.042,1009.13,157.26,-1.0,0.0,0.28
279,-1.101,-0.979,316.8,38.98,-1.0,0.0,0.4
280,3.218,0.391,197.49,25.27,-1.0,0.0,1.95
281,0.883,-2.486,32.07,5.64,1.0,0.0,4.01
282,0.152,-0.651,941.81,111.49,1.0,0.0,0.66
283,-1.836,2.549,22.52,5.24,-1.0,0.0,0.35
284,-0.032,-0.841,228.92,20.79,1.0,0.0,0.0
285,-0.671,-2.278,814.26,75.19,1.0,0.0,0.04
286,-2.022,0.6,337.55,18.54,1.0,0.0,999.9
287,0.577,0.744,1014.01,49.54,1.0,0.0,0.33
288,-0.661,0.684,200.05,38.45,1.0,0.0,0.09
289,1.097,-1.783,1132.79,130.68,-1.0,0.0,0.51
290,0.133,-0.191,2367.83,164.05,1.0,0.0,0.02
291,-0.772,0.582,2447.79,166.62,-1.0,0.0,0.6
292,0.168,-0.406,23.56,4.4,-1.0,0.0,999.9
293,-1.588,2.766,917.15,35.03,1.0,0.0,0.09
294,-0.023,-2.03,652.68,3.5,1.0,0.0,0.0
295,-0.068,-2.389,2547.66,91.08,1.0,0.0,0.0
296,-1.743,-0.763,65.43,5.88,1.0,0.0,0.54
297,0.003,0.365,844.31,64.28,-1.0,0.0,0.95
298,0.315,0.858,2174.77,192.6,-1.0,0.0,0.36
299,-0.322,2.515,147.1,25.54,1.0,0.0,0.6
300,-0.104,2.102,55.88,2.77,1.0,0.0,999.9
301,-0.075,-2.583,2786.43,73.8,-1.0,0.0,999.9
302,0.902,-1.941,1373.88,234.53,1.0,0.0,0.86
303,-0.89,1.408,1078.76,70.75,1.0,0.0,2.02
304,1.093,-2.896,417.05,80.28,-1.0,0.0,0.4
305,0.185,1.864,3067.15,28.7,1.0,0.0,0.0
306,-0.386,1.727,720.79,52.88,1.0,0.0,0.0
307,0.05,0.725,1040.64,166.98,-1.0,0.0,0.41
308,0.071,1.333,1301.31,141.59,1.0,0.0,0.2
309,-0.31,-0.933,1852.55,1.36,1.0,0.0,0.0
310,-0.043,-1.255,739.67,0.0,1.0,0.0,0.0
311,-0.701,-3.141,269.06,15.06,1.0,0.0,46.87
312,0.086,-1.041,2806.36,17.78,1.0,0.0,0.0
313,-0.653,0.808,33.34,7.26,1.0,0.0,0.0
314,0.432,-2.79,614.88,64.97,1.0,0.0,1.07
315,0.661,-1.513,2590.75,32.98,1.0,0.0,0.0
316,0.073,0.14,158.69,1.18,1.0,0.0,999.9
317,0.92,-2.943,1133.5,43.71,1.0,0.0,0.24
318,0.771,-0.839,634.63,62.71,1.0,0.0,0.29
319,-1.009,1.314,719.65,74.93,1.0,0.0,0.58
320,1.25,-2.668,218.35,13.14,-1.0,0.0,0.84
321,-0.312,2.018,3156.28,49.45,1.0,0.0,0.0
322,1.218,-2.357,869.99,128.02,1.0,0.0,0.03
323,-0.132,1.335,1979.01,7.53,1.0,0.0,0.0
324,1.107,-0.88,113.3,12.09,-1.0,0.0,2.06
325,-0.07,-1.264,1639.05,105.24,-1.0,0.0,2.39
326,2.069,-0.521,157.16,15.62,-1.0,0.0,0.03
327,0.652,-1.699,1299.51,57.54,1.0,0.0,1.58
328,-0.163,-0.767,2246.85,179.57,1.0,0.0,0.01
329,-0.51,0.922,1561.06,40.05,-1.0,0.0,3.43
330,0.407,-0.24,56.48,6.92,-1.0,0.0,0.0
331,0.578,-0.685,1910.02,100.22,-1.0,0.0,0.25
332,-0.427,-2.596,461.18,28.28,1.0,0.0,0.34
333,1.215,2.289,240.36,33.56,-1.0,0.0,4.86
334,0.488,-2.114,107.96,11.76,1.0,0.0,0.0
335,0.408,0.582,1889.11,42.99,1.0,0.0,0.11
336,1.083,0.121,695.98,39.33,-1.0,0.0,14.04
337,1.314,0.395,787.02,25.69,1.0,0.0,1.74
338,-1.301,1.727,1906.84,232.09,-1.0,0.0,0.11
339,0.046,-1.118,2813.25,87.56,1.0,0.0,19.03
340,0.582,2.354,3042.32,82.07,1.0,0.0,0.04
341,0.367,-2.584,1724.64,26.42,-1.0,0.0,999.9
342,-0.795,1.548,752.74,22.11,-1.0,0.0,0.0
343,-1.465,-2.473,1818.23,3.31,1.0,0.0,0.0
344,-0.1,-0.832,1347.55,96.25,1.0,0.0,0.89
345,1.286,-0.152,844.87,91.26,1.0,0.0,0.1
346,-2.789,-2.01,81.2,6.87,1.0,0.0,1.53
347,1.088,-2.494,720.02,126.74,1.0,0.0,2.65
348,1.746,2.44,26.86,5.52,-1.0,0.0,1.12
349,0.111,-1.988,1294.32,205.95,1.0,0.0,0.17
350,0.257,0.655,1991.81,255.36,-1.0,0.0,1.05
351,-0.131,1.334,217.14,26.61,1.0,0.0,0.0
352,-0.739,-0.688,1856.06,191.54,-1.0,0.0,0.75
353,0.111,3.089,3295.11,113.97,1.0,0.0,1.05
354,-0.936,2.791,984.33,44.85,1.0,0.0,0.03
355,0.687,-0.146,1265.67,49.41,-1.0,0.0,0.13
356,0.883,2.032,3026.84,80.86,1.0,0.0,0.04
357,0.686,0.309,1331.89,90.96,-1.0,0.0,0.02
358,1.157,1.485,156.06,9.38,1.0,0.0,0.41
359,1.395,1.932,99.46,16.99,1.0,0.0,0.07
360,0.558,2.174,472.21,80.73,1.0,0.0,0.01
361,1.24,2.442,136.83,12.33,1.0,0.0,0.0
362,-0.868,-0.026,502.18,59.66,-1.0,0.0,0.14
363,-0.499,-2.078,1763.22,45.7,1.0,0.0,0.0
364,0.032,0.319,1436.41,57.13,1.0,0.0,14.93
365,-0.601,-1.455,1472.05,188.69,1.0,0.0,0.09
366,-1.784,-2.83,809.74,76.2,-1.0,0.0,1.25
367,3.192,2.829,300.2,29.1,1.0,0.0,0.87
368,1.407,-1.836,28.71,4.89,1.0,0.0,1.03
369,-1.004,-0.868,1441.88,13.84,1.0,0.0,0.0
370,-0.342,2.801,344.43,73.84,1.0,0.0,0.05
371,-1.813,2.087,244.66,0.14,-1.0,0.0,999.9
372,0.285,1.287,70.0,6.47,1.0,0.0,11.64
373,-0.447,-0.525,3293.94,168.28,-1.0,0.0,3.77
374,-0.47,-2.641,72.45,10.11,1.0,0.0,2.97
375,-0.857,2.39,374.86,64.9,1.0,0.0,0.3
376,-0.23,1.719,349.55,8.22,1.0,0.0,0.0
377,1.419,-0.23,167.88,29.81,1.0,0.0,0.07
378,-0.94,0.712,696.07,91.9,1.0,0.0,0.5
379,-1.458,1.713,235.86,16.84,1.0,0.0,0.28
380,0.525,-2.537,919.43,139.15,1.0,0.0,0.09
381,0.206,-0.517,4133.76,192.77,1.0,0.0,0.0
382,-0.748,0.127,682.44,50.31,-1.0,0.0,3.0
383,2.256,-1.615,459.38,15.86,1.0,0.0,999.9
384,-0.531,-0.243,88.69,22.36,1.0,0.0,0.0
385,0.326,-1.111,3188.25,372.04,1.0,0.0,0.46
386,-0.302,2.141,2999.53,7.73,-1.0,0.0,0.0
387,-0.609,0.446,1100.2,0.45,-1.0,0.0,0.0
388,2.194,1.559,107.74,11.91,1.0,0.0,0.92
389,0.404,-2.495,1741.9,81.07,-1.0,0.0,2.73
390,0.292,-2.025,1000.91,111.72,-1.0,0.0,0.11
391,0.655,-1.75,50.08,4.73,-1.0,0.0,0.68
392,0.451,-2.005,1109.93,160.78,-1.0,0.0,0.03
393,-0.565,-0.917,150.09,25.83,-1.0,0.0,0.19
394,-0.262,-1.312,70.65,12.39,-1.0,0.0,0.31
395,0.362,-2.421,1421.77,7.44,-1.0,0.0,0.0
396,-0.035,2.639,3349.69,14.84,-1.0,0.0,0.0
397,0.684,-2.335,1308.51,11.11,1.0,0.0,0.62
398,0.38,2.423,1950.55,40.68,-1.0,0.0,0.02
399,-0.381,1.787,750.26,7.71,-1.0,0.0,0.0
400,-0.795,-2.683,174.48,27.06,-1.0,0.0,4.95
401,1.57,-0.737,575.61,25.4,-1.0,0.0,0.1
402,-0.664,-0.377,89.99,16.23,1.0,0.0,8.12
403,1.051,-1.997,1306.3,104.05,1.0,0.0,0.16
404,-1.52,0.609,209.45,10.32,1.0,0.0,0.04
405,-0.562,1.859,1086.3,47.63,-1.0,0.0,0.0
406,-0.451,-1.755,37.75,3.79,-1.0,0.0,0.0
407,0.365,-3.06,61.95,10.33,-1.0,0.0,0.18
408,0.115,1.958,1495.08,78.03,1.0,0.0,0.57
409,0.163,-0.893,400.02,4.49,1.0,0.0,999.9
410,-0.747,1.709,63.13,1.51,1.0,0.0,999.9
411,-0.326,0.793,1965.16,77.44,1.0,0.0,0.3
412,-0.026,0.958,97.8,14.66,-1.0,0.0,0.0
413,-0.358,0.822,2977.14,193.2,-1.0,0.0,0.26
414,0.036,1.678,2647.32,108.98,1.0,0.0,0.92
415,0.566,-2.154,479.99,14.18,1.0,0.0,0.0
416,0.364,-1.389,31.56,3.89,1.0,0.0,0.0
417,0.89,-1.996,114.65,16.46,-1.0,0.0,1.55
418,0.126,1.087,1166.07,102.39,-1.0,0.0,0.11
419,-0.86,1.176,1205.7,81.05,1.0,0.0,0.02
420,-0.167,-2.808,1087.32,22.76,1.0,0.0,0.0
421,-0.262,-1.359,3316.18,476.61,-1.0,0.0,0.53
422,0.684,1.563,1663.13,166.87,1.0,0.0,0.29
423,0.291,-1.066,2904.83,244.33,-1.0,0.0,0.42
424,-0.246,-0.119,2571.13,248.99,1.0,0.0,0.77
425,-0.953,1.539,422.66,71.58,1.0,0.0,1.1
426,-1.903,1.251,805.73,99.57,-1.0,0.0,1.23
427,1.091,-1.112,27.8,7.47,1.0,0.0,2.61
428,0.302,-2.609,806.91,27.82,1.0,0.0,0.05
429,-1.209,-2.718,1220.59,130.16,-1.0,0.0,0.13
430,1.107,-2.651,109.17,10.08,-1.0,0.0,3.11
431,-1.087,1.667,747.53,18.0,1.0,0.0,999.9
432,-0.004,0.086,1952.17,193.71,1.0,0.0,0.2
433,0.707,-0.513,3390.03,317.8,1.0,0.0,1.57
434,-1.556,-2.365,97.61,8.58,1.0,0.0,1.5
435,-0.065,1.219,976.87,61.73,-1.0,0.0,7.77
436,1.101,1.94,25.25,3.14,-1.0,0.0,3.53
437,-2.236,-3.021,379.58,19.38,-1.0,0.0,2.39
438,-1.193,0.954,277.43,0.11,1.0,0.0,999.9
439,-0.271,-2.99,928.48,127.68,-1.0,0.0,0.81
440,-0.146,-2.908,23.59,5.08,-1.0,0.0,0.0
441,-1.112,3.068,94.36,16.24,1.0,0.0,1.45
442,1.099,2.709,2359.6,78.69,1.0,0.0,0.06
443,0.062,-0.523,2814.9,83.58,1.0,0.0,0.04
444,-1.448,-2.633,84.38,11.33,1.0,0.0,0.82
445,0.094,-1.042,1828.07,32.61,1.0,0.0,0.0
446,0.538,-1.258,1627.13,142.11,1.0,0.0,0.02
447,-1.518,2.535,374.59,68.55,1.0,0.0,0.38
448,-0.224,1.24,3145.6,205.03,-1.0,0.0,0.38
449,-0.517,-0.153,125.77,4.83,1.0,0.0,999.9
450,-0.647,2.612,1515.99,0.87,1.0,0.0,999.9
451,-0.671,-1.162,443.0,2.05,1.0,0.0,0.0
452,-1.185,-0.419,318.95,0.14,-1.0,0.0,999.9
453,-0.057,-0.842,1187.13,291.89,1.0,0.0,1.47
454,-2.398,-0.519,73.3,7.04,-1.0,0.0,0.13
455,2.296,2.488,480.35,47.31,1.0,0.0,3.06
456,2.382,2.934,43.28,0.56,1.0,0.0,0.0
457,1.11,-2.814,85.07,0.55,1.0,0.0,0.0
458,0.833,-0.781,628.57,50.02,1.0,0.0,0.05
459,-1.335,2.048,609.56,53.86,1.0,0.0,0.03
460,1.73,1.755,575.19,50.99,-1.0,0.0,0.29
461,-0.371,-1.337,651.64,92.41,1.0,0.0,1.44
462,0.877,1.158,1224.73,14.5,1.0,0.0,0.0
463,0.282,1.374,40.37,6.86,1.0,0.0,0.54
464,0.062,-0.772,3037.75,156.5,-1.0,0.0,0.06
465,-0.706,-2.372,1267.74,127.11,-1.0,0.0,0.33
466,0.318,0.652,1005.95,59.51,1.0,0.0,0.48
467,0.667,0.879,831.37,61.04,1.0,0.0,0.11
468,0.019,-0.062,1393.85,271.62,1.0,0.0,0.34
469,-1.612,0.298,770.4,83.14,-1.0,0.0,0.58
470,0.562,-1.756,27.15,2.47,1.0,0.0,999.9
471,0.247,-2.456,80.08,18.59,1.0,0.0,0.24
472,1.081,-3.088,28.51,3.42,-1.0,0.0,0.0
473,-1.59,-2.139,44.8,8.04,1.0,0.0,1.77
474,0.836,-2.005,2273.72,142.93,1.0,0.0,3.87
475,-1.09,1.678,341.45,59.46,1.0,0.0,1.1
476,-0.867,1.228,24.38,5.13,1.0,0.0,3.73
477,0.059,-0.361,316.94,45.67,1.0,0.0,0.0
478,-0.185,-1.713,1026.81,100.28,-1.0,0.0,1.13
479,1.997,-2.188,980.82,98.35,-1.0,0.0,0.11
480,0.048,-0.796,127.47,16.66,1.0,0.0,0.58
481,1.165,0.793,1036.95,170.11,-1.0,0.0,0.64
482,2.146,-2.545,181.47,18.26,1.0,0.0,1.46
483,0.215,3.015,581.01,35.45,1.0,0.0,0.15
484,-2.108,0.111,36.49,5.93,1.0,0.0,0.24
485,0.22,0.564,3988.69,45.05,1.0,0.0,0.0
486,0.89,-0.212,797.38,90.9,-1.0,0.0,0.69
487,0.827,0.25,83.95,8.04,-1.0,0.0,0.0
488,0.022,0.163,1873.64,30.03,1.0,0.0,1.15
489,-0.712,-1.781,2165.12,139.07,-1.0,0.0,3.18
490,-0.947,-2.16,138.15,14.17,-1.0,0.0,1.57
491,0.587,1.151,53.71,8.51,-1.0,0.0,1.95
492,-1.942,-3.117,774.36,0.14,-1.0,0.0,999.9
493,0.572,1.137,1961.86,6.47,1.0,0.0,0.0
494,-0.564,1.829,967.82,41.49,-1.0,0.0,0.07
495,-0.014,0.178,2349.34,3.98,-1.0,0.0,0.0
496,-0.332,-3.128,1916.59,89.92,1.0,0.0,999.9
497,0.308,-0.555,1872.03,41.06,-1.0,0.0,3.35
498,-0.144,-0.389,149.09,14.75,-1.0,0.0,2.29
499,-1.355,1.818,1754.93,189.09,-1.0,0.0,1.21
500,-0.403,0.571,596.61,66.09,1.0,0.0,0.2
501,1.448,-2.049,28.54,0.0,-1.0,0.0,999.9
502,0.024,0.003,795.47,32.41,1.0,0.0,0.03
503,-1.018,0.503,1305.47,40.68,-1.0,0.0,7.96
504,-1.41,2.874,991.86,0.14,1.0,0.0,999.9
505,-1.128,0.655,97.05,13.64,1.0,0.0,1.08
506,-1.497,2.479,634.25,16.92,1.0,0.0,999.9
507,-1.525,1.2,29.33,6.06,1.0,0.0,0.18
508,-0.712,1.796,1338.08,189.56,1.0,0.0,0.01
509,-0.294,1.742,796.78,79.37,-1.0,0.0,0.48
510,1.189,0.352,78.45,12.62,-1.0,0.0,2.63
511,-0.027,-2.652,3682.61,86.02,-1.0,0.0,0.0
512,0.092,1.459,2003.29,138.43,1.0,0.0,0.02
513,-1.127,-0.339,899.87,1.0,-1.0,0.0,0.0
514,0.282,0.924,592.44,80.55,1.0,0.0,0.12
515,0.522,-1.65,2650.06,40.21,-1.0,0.0,999.9
516,0.857,-1.0,136.14,18.06,-1.0,0.0,4.27
517,0.685,2.632,368.34,56.41,1.0,0.0,0.38
518,1.155,-0.877,1503.82,85.45,1.0,0.0,0.02
519,-0.653,-2.645,64.12,4.39,-1.0,0.0,0.3
520,-1.905,-3.085,100.79,14.36,1.0,0.0,1.89
521,-1.119,0.947,530.47,59.13,1.0,0.0,1.28
522,1.048,-1.654,30.24,4.51,-1.0,0.0,999.9
523,0.054,2.16,1316.25,2.34,-1.0,0.0,0.0
524,0.107,-0.107,4023.52,188.17,-1.0,0.0,0.51
525,0.649,-1.536,505.73,42.89,1.0,0.0,0.15
526,-0.339,0.416,549.28,37.37,-1.0,0.0,0.17
527,0.808,-1.605,1990.38,92.91,1.0,0.0,0.29
528,-0.94,1.114,900.88,112.34,1.0,0.0,1.14
529,-0.707,0.632,1447.68,137.9,1.0,0.0,1.78
530,0.981,-2.713,109.99,16.24,-1.0,0.0,0.83
531,0.971,0.516,230.36,11.8,-1.0,0.0,0.0
532,0.236,1.04,2803.04,109.8,-1.0,0.0,0.03
533,0.075,-2.405,2570.2,85.77,1.0,0.0,0.22
534,-0.486,0.014,1647.92,93.62,-1.0,0.0,0.18
535,0.363,2.503,1314.17,0.14,-1.0,0.0,999.9
536,-0.205,0.92,3017.79,602.78,1.0,0.0,0.17
537,0.188,0.468,1450.74,127.35,1.0,0.0,0.14
538,0.297,0.235,1283.98,41.78,1.0,0.0,2.25
539,0.031,1.716,377.75,28.25,1.0,0.0,0.46
540,0.572,0.508,315.02,34.63,1.0,0.0,0.2
541,1.391,-1.308,28.38,4.96,1.0,0.0,1.99
542,0.474,1.397,145.38,8.36,1.0,0.0,72.53
543,-0.817,-3.089,1916.2,47.54,1.0,0.0,999.9
544,0.781,2.134,1152.47,63.64,-1.0,0.0,1.27
545,0.549,1.319,1587.64,54.62,1.0,0.0,0.35
546,-0.061,-2.971,66.05,16.63,1.0,0.0,1.43
547,0.61,1.799,291.27,26.37,1.0,0.0,0.57
548,1.243,1.945,1670.05,73.75,-1.0,0.0,2.15
549,0.767,-2.818,1777.07,83.28,-1.0,0.0,0.03
550,-1.18,0.041,195.46,10.2,1.0,0.0,0.0
551,0.964,-0.448,1209.03,38.78,1.0,0.0,3.18
552,-0.639,-0.873,745.42,68.48,1.0,0.0,0.82
553,0.379,3.11,534.07,101.36,1.0,0.0,1.1
554,-1.618,0.214,455.51,42.6,-1.0,0.0,0.83
555,1.0,1.973,27.3,2.79,1.0,0.0,2.61
556,0.925,-2.391,1859.48,36.56,-1.0,0.0,999.9
557,0.766,-2.818,803.38,35.61,-1.0,0.0,0.06
558,-1.162,0.739,258.39,30.36,-1.0,0.0,0.47
559,0.308,0.347,306.03,7.38,1.0,0.0,999.9
560,1.526,2.073,44.32,2.48,1.0,0.0,0.0
561,0.022,-2.175,1306.1,3.22,1.0,0.0,0.0
562,0.367,0.735,1413.18,81.79,-1.0,0.0,0.19
563,-0.993,-0.889,1060.62,148.11,1.0,0.0,0.23
564,-1.453,-2.916,55.4,8.19,-1.0,0.0,0.0
565,1.095,1.587,858.49,49.53,1.0,0.0,2.18
566,-0.85,0.944,679.69,49.43,1.0,0.0,1.13
567,0.79,-1.42,2010.72,87.52,1.0,0.0,0.66
568,-0.294,1.549,488.68,19.96,1.0,0.0,0.0
569,-0.334,2.825,1714.15,170.42,1.0,0.0,1.01
570,0.718,0.019,1853.39,144.37,1.0,0.0,0.05
571,-1.501,-3.061,785.06,93.33,1.0,0.0,7.86
572,-0.555,-0.349,143.43,24.55,-1.0,0.0,0.0
573,-0.582,2.902,1646.61,42.97,1.0,0.0,0.35
574,0.406,2.348,1690.75,363.39,-1.0,0.0,0.51
575,-0.651,-2.933,65.05,2.04,-1.0,0.0,999.9
576,0.038,-2.063,441.35,45.8,1.0,0.0,0.0
577,-0.64,-2.325,504.47,63.77,1.0,0.0,0.9
578,-0.126,-1.31,1345.29,75.08,1.0,0.0,1.11
579,-1.552,3.109,194.19,32.54,1.0,0.0,0.39
580,-0.138,-1.936,3489.35,124.66,1.0,0.0,4.58
581,-0.588,0.789,1795.29,108.91,-1.0,0.0,1.38
582,1.402,0.925,1364.68,48.84,1.0,0.0,0.02
583,2.359,-1.517,55.19,2.21,1.0,0.0,0.0
584,-1.435,-2.963,549.47,13.87,1.0,0.0,999.9
585,0.5,2.662,1061.52,119.43,-1.0,0.0,0.71
586,0.95,2.863,22.71,1.34,1.0,0.0,0.0
587,-0.539,-0.374,103.77,1.05,1.0,0.0,0.0
588,-1.446,0.712,150.71,15.57,1.0,0.0,3.09
589,0.257,-1.151,80.86,11.37,1.0,0.0,0.31
590,1.729,-1.443,39.84,5.15,1.0,0.0,1.03
591,0.578,0.133,175.95,18.6,-1.0,0.0,2.26
592,-1.947,-2.18,136.06,11.43,-1.0,0.0,0.0
593,-0.944,-1.864,176.11,19.6,-1.0,0.0,0.7
594,-0.092,-0.098,1463.18,17.51,1.0,0.0,999.9
595,-1.175,-0.066,76.74,0.82,1.0,0.0,0.0
596,1.143,-1.581,61.04,8.99,1.0,0.0,1.1
597,0.182,2.441,1472.31,160.01,1.0,0.0,2.84
598,0.641,2.556,34.12,2.88,1.0,0.0,0.53
599,0.72,0.187,1439.61,9.82,-1.0,0.0,0.0
600,0.092,0.575,775.11,49.02,1.0,0.0,0.07
601,-0.713,3.01,2049.86,198.42,1.0,0.0,1.69
602,-0.718,-2.686,966.33,107.53,1.0,0.0,1.13
603,0.736,-2.773,2427.27,15.77,1.0,0.0,0.0
604,0.338,-2.612,4232.99,536.48,-1.0,0.0,0.99
605,0.222,-1.967,178.33,1.17,1.0,0.0,999.9
606,-0.653,2.362,443.47,85.81,1.0,0.0,0.15
607,0.341,-2.952,36.86,5.56,-1.0,0.0,0.88
608,-0.916,0.287,1896.83,119.36,1.0,0.0,0.01
609,-0.174,-1.308,631.76,37.36,1.0,0.0,0.31
610,-1.379,1.038,345.65,38.37,-1.0,0.0,2.43
611,-0.491,-0.26,32.39,7.16,1.0,0.0,0.0
612,-1.385,2.559,858.45,40.18,1.0,0.0,0.01
613,-0.961,2.791,36.54,8.07,-1.0,0.0,6.64
614,-0.822,-1.784,1136.34,39.66,-1.0,0.0,0.0
615,-1.277,1.615,68.97,9.41,-1.0,0.0,0.59
616,-0.716,-2.661,2183.19,148.64,1.0,0.0,0.07
617,-0.512,1.685,2189.29,361.49,1.0,0.0,0.53
618,0.141,0.001,1177.83,13.22,-1.0,0.0,999.9
619,-0.144,-2.285,1972.16,1.23,1.0,0.0,999.9
620,1.86,1.69,186.74,17.45,1.0,0.0,1.59
621,-1.03,2.458,81.83,6.94,1.0,0.0,2.38
622,1.275,2.073,57.66,5.27,1.0,0.0,0.0
623,-2.204,-0.079,65.28,11.13,1.0,0.0,0.75
624,-0.351,-2.384,47.41,1.28,-1.0,0.0,999.9
625,-0.596,0.733,572.85,48.74,-1.0,0.0,5.17
626,0.358,2.418,1920.14,62.02,-1.0,0.0,0.72
627,0.277,1.421,307.67,16.62,-1.0,0.0,2.57
628,0.376,2.58,1452.41,55.16,1.0,0.0,0.95
629,-0.533,-2.447,1955.97,76.71,-1.0,0.0,0.0
630,-0.574,-2.518,162.94,20.74,1.0,0.0,1.57
631,-0.027,-0.386,2607.51,43.88,-1.0,0.0,0.01
632,-1.61,-1.276,708.36,130.33,-1.0,0.0,1.18
633,1.498,-2.201,416.02,75.19,1.0,0.0,0.31
634,1.43,-2.244,438.81,5.34,1.0,0.0,0.0
635,-0.947,0.283,135.84,17.79,1.0,0.0,0.0
636,-0.127,2.568,2448.66,181.65,-1.0,0.0,0.02
637,-0.292,2.825,1629.74,82.0,-1.0,0.0,0.0
638,1.282,-0.317,1624.3,97.77,1.0,0.0,0.27
639,0.266,-2.228,83.06,17.29,-1.0,0.0,1.38
640,-1.865,-0.914,45.17,8.01,1.0,0.0,1.43
641,-0.165,-0.371,1399.0,221.59,-1.0,0.0,0.95
642,0.464,0.064,37.86,4.87,1.0,0.0,0.85
643,0.829,-0.413,2119.94,382.91,1.0,0.0,0.38
644,1.442,1.566,329.88,33.31,1.0,0.0,0.54
645,2.064,-0.081,95.26,17.36,-1.0,0.0,0.3
646,-0.323,0.496,3182.48,316.71,-1.0,0.0,1.35
647,-0.142,-2.22,271.75,54.58,-1.0,0.0,0.29
648,0.535,2.353,429.68,12.57,1.0,0.0,0.0
649,-0.291,-0.126,3490.24,251.56,1.0,0.0,2.38
650,-0.965,-1.406,509.99,48.12,1.0,0.0,0.63
651,-1.432,1.742,32.38,10.1,-1.0,0.0,3.31
652,0.575,-1.946,141.49,19.55,1.0,0.0,0.22
653,0.116,-1.719,2997.12,221.13,1.0,0.0,0.05
654,-0.135,-0.476,2357.78,18.35,1.0,0.0,0.0
655,-0.351,2.507,1348.96,137.44,1.0,0.0,2.32
656,0.082,2.475,1174.21,114.52,1.0,0.0,3.17
657,0.665,-1.696,309.06,18.26,-1.0,0.0,0.43
658,1.079,1.357,88.85,13.96,-1.0,0.0,0.34
659,0.727,0.592,2015.01,169.27,-1.0,0.0,2.11
660,-0.006,-1.294,948.26,139.68,1.0,0.0,0.16
661,-0.18,2.706,2729.84,291.82,1.0,0.0,1.59
662,0.248,-1.682,2308.6,2.62,-1.0,0.0,0.0
663,-0.223,-1.186,27.19,6.22,-1.0,0.0,3.33
664,2.479,0.66,73.94,9.07,-1.0,0.0,4.51
665,0.261,0.694,60.91,6.59,1.0,0.0,0.0
666,1.652,0.508,1437.65,28.1,1.0,0.0,999.9
667,-1.237,1.665,24.21,5.65,1.0,0.0,999.9
668,1.43,2.642,1310.7,106.06,-1.0,0.0,0.05
669,-0.368,-0.017,2852.62,98.07,1.0,0.0,1.2
670,0.439,2.005,1618.6,104.3,1.0,0.0,0.03
671,-0.047,-1.778,3321.16,354.73,1.0,0.0,0.19
672,-0.146,2.066,1853.82,185.7,1.0,0.0,0.34
673,-0.05,-2.788,2434.82,173.1,1.0,0.0,0.76
674,-0.536,-2.973,85.25,7.61,1.0,0.0,0.49
675,-0.178,0.744,675.85,1.17,1.0,0.0,0.0
676,-0.419,-2.47,3281.8,115.32,-1.0,0.0,0.56
677,-2.083,1.421,845.55,70.49,-1.0,0.0,1.23
678,0.474,-1.231,861.59,30.27,-1.0,0.0,0.33
679,0.813,2.675,2755.69,-0.0,1.0,0.0,999.9
680,-2.29,-1.293,22.76,4.04,-1.0,0.0,1.83
681,-0.536,2.822,928.56,95.23,1.0,0.0,0.03
682,-0.87,2.381,44.97,6.71,1.0,0.0,1.84
683,-0.344,2.464,832.93,149.73,-1.0,0.0,0.33
684,-0.079,2.24,2340.54,26.55,-1.0,0.0,0.0
685,-0.486,0.406,2497.99,224.46,-1.0,0.0,0.32
686,-0.703,0.624,1024.39,0.14,-1.0,0.0,999.9
687,-0.33,-0.925,417.02,70.24,1.0,0.0,1.0
688,-1.473,2.932,29.47,7.79,-1.0,0.0,1.7
689,-0.275,-1.445,1706.52,105.42,-1.0,0.0,0.02
690,-0.204,1.047,2454.35,68.53,1.0,0.0,0.6
691,2.55,-2.679,247.34,30.02,1.0,0.0,6.02
692,0.172,-1.706,1152.95,71.18,1.0,0.0,0.93
693,-0.726,-0.501,34.58,4.59,-1.0,0.0,11.23
694,0.09,0.334,1904.62,77.39,1.0,0.0,0.0
695,-1.547,-1.248,511.22,8.73,-1.0,0.0,2.18
696,1.532,1.016,355.86,43.73,-1.0,0.0,0.14
697,-0.71,1.187,321.29,6.27,-1.0,0.0,999.9
698,1.957,2.557,82.12,9.7,1.0,0.0,0.71
699,-0.252,-1.945,1720.83,70.38,-1.0,0.0,0.55
700,1.006,0.227,1547.59,49.86,-1.0,0.0,0.0
701,-0.153,-0.443,852.29,0.93,1.0,0.0,0.0
702,0.493,2.338,1396.21,165.28,-1.0,0.0,0.24
703,0.755,0.857,1234.16,180.13,-1.0,0.0,0.32
704,0.558,1.521,93.19,3.87,-1.0,0.0,999.9
705,0.851,-1.459,1164.27,101.82,-1.0,0.0,0.43
706,0.645,0.741,1843.1,105.3,1.0,0.0,0.2
707,0.306,1.593,1523.4,153.09,1.0,0.0,0.16
708,-0.642,-0.457,2686.44,198.89,-1.0,0.0,0.25
709,-0.969,-2.059,36.0,7.32,-1.0,0.0,0.0
710,0.762,-1.004,1681.78,110.3,-1.0,0.0,0.17
711,-0.027,1.906,1672.02,126.36,1.0,0.0,0.91
712,-0.07,1.887,344.46,25.16,-1.0,0.0,0.03
713,-0.565,-0.426,1481.36,7.33,1.0,0.0,0.0
714,-0.458,-0.128,257.67,40.71,1.0,0.0,1.73
715,-1.027,-2.2,694.22,78.07,-1.0,0.0,0.36
716,0.745,-2.674,1610.33,78.63,1.0,0.0,0.21
717,0.685,0.895,582.2,47.16,1.0,0.0,1.31
718,0.817,-0.812,2616.86,81.47,1.0,0.0,0.35
719,-1.06,2.816,86.32,4.03,1.0,0.0,0.0
720,1.006,-1.2,25.49,5.3,1.0,0.0,0.55
721,-1.156,0.827,1212.14,0.0,-1.0,0.0,999.9
722,0.91,1.825,442.46,29.39,-1.0,0.0,0.04
723,-0.088,2.66,26.76,5.57,-1.0,0.0,999.9
724,0.382,-2.473,344.59,19.55,1.0,0.0,0.0
725,-0.112,-0.737,1606.86,214.3,1.0,0.0,0.59
726,0.644,1.07,1553.25,43.91,1.0,0.0,0.13
727,1.489,-2.993,95.0,12.33,1.0,0.0,0.93
728,-1.132,1.273,268.55,15.81,-1.0,0.0,1.15
729,0.471,-0.57,131.59,8.99,1.0,0.0,2.8
730,0.112,3.021,1723.75,99.44,-1.0,0.0,1.89
731,-0.48,-0.339,3514.83,145.38,-1.0,0.0,0.31
732,-0.255,-2.389,614.78,52.08,1.0,0.0,0.57
733,-0.636,0.622,25.7,6.1,1.0,0.0,6.5
734,-0.91,-1.353,257.0,28.75,1.0,0.0,0.53
735,0.204,-2.959,23.52,2.36,1.0,0.0,999.9
736,1.749,1.519,727.48,21.01,1.0,0.0,215.97
737,0.46,-2.908,615.88,2.42,1.0,0.0,0.0
738,1.324,-1.599,1662.48,177.29,-1.0,0.0,0.34
739,1.649,-1.691,1072.01,57.83,1.0,0.0,0.18
740,2.556,-1.357,27.1,2.65,-1.0,0.0,2.81
741,-0.651,-2.664,951.53,43.29,1.0,0.0,0.14
742,0.57,2.939,360.05,10.07,1.0,0.0,0.15
743,-0.272,1.653,1222.2,42.07,1.0,0.0,0.0
744,-0.285,1.232,38.29,0.0,1.0,0.0,999.9
745,-0.354,2.878,906.33,15.38,1.0,0.0,0.0
746,-0.144,-1.691,2998.0,219.45,-1.0,0.0,0.9
747,-0.407,-1.181,117.97,5.01,1.0,0.0,0.15
748,-0.254,-1.735,3541.6,301.56,1.0,0.0,1.44
749,0.635,2.431,1858.6,299.41,1.0,0.0,0.64
750,-0.337,-3.075,32.88,5.99,1.0,0.0,3.38
751,0.389,2.886,2120.48,155.34,1.0,0.0,0.06
752,-0.077,2.174,4290.74,15.69,-1.0,0.0,0.0
753,-0.448,1.044,121.13,13.28,1.0,0.0,0.54
754,-0.778,1.905,2042.67,82.64,-1.0,0.0,0.0
755,0.45,-2.527,149.9,21.09,1.0,0.0,0.33
756,-0.85,1.107,1280.06,183.02,-1.0,0.0,0.22
757,1.228,-0.477,405.49,21.76,1.0,0.0,5.37
758,-0.028,2.523,3489.59,269.6,-1.0,0.0,6.27
759,1.857,-0.764,95.08,14.85,1.0,0.0,0.31
760,0.664,1.166,400.18,24.1,1.0,0.0,0.36
761,-0.617,2.787,242.34,1.17,1.0,0.0,0.0
762,0.988,-2.096,544.2,82.69,-1.0,0.0,0.19
763,0.676,-2.431,739.09,18.51,-1.0,0.0,0.0
764,0.075,-1.609,1195.83,105.77,1.0,0.0,0.36
765,0.439,-1.885,51.32,3.35,1.0,0.0,0.0
766,0.531,-2.311,45.14,3.7,1.0,0.0,0.0
767,0.583,2.418,614.07,28.25,1.0,0.0,0.11
768,-1.963,0.327,104.97,15.9,-1.0,0.0,7.02
769,0.032,1.935,4005.28,90.09,-1.0,0.0,0.66
770,1.271,-1.305,35.05,6.34,1.0,0.0,0.32
771,-0.199,2.984,3682.09,177.03,-1.0,0.0,0.42
772,0.708,-1.104,683.52,20.3,1.0,0.0,0.0
773,-0.328,-2.191,45.71,4.33,1.0,0.0,0.0
774,-1.177,3.025,48.97,7.05,-1.0,0.0,0.0
775,1.802,1.216,981.07,150.45,1.0,0.0,2.56
776,-0.525,-3.095,2873.49,244.58,-1.0,0.0,0.38
777,1.797,2.109,449.68,14.12,1.0,0.0,0.0
778,-1.238,0.023,201.14,31.2,1.0,0.0,0.23
779,1.597,2.911,356.61,1.07,1.0,0.0,0.0
780,-0.062,-3.0,74.93,8.23,1.0,0.0,999.9
781,0.631,2.87,2903.15,97.65,1.0,0.0,0.3
782,-0.518,0.12,23.33,2.7,1.0,0.0,1.49
783,1.774,-0.714,730.2,118.62,-1.0,0.0,0.62
784,2.206,-0.641,33.02,3.18,-1.0,0.0,999.9
785,0.562,2.471,33.24,5.82,1.0,0.0,0.0
786,0.563,-1.018,1656.91,147.09,1.0,0.0,1.27
787,0.067,-1.484,955.53,47.7,1.0,0.0,0.08
788,0.08,1.269,1437.23,49.06,-1.0,0.0,0.73
789,-0.189,1.921,330.16,30.22,-1.0,0.0,0.51
790,0.266,0.481,27.98,3.63,-1.0,0.0,0.0
791,0.982,-2.775,913.64,8.36,1.0,0.0,0.84
792,-0.347,0.138,762.07,78.18,1.0,0.0,0.53
793,0.747,0.432,304.9,50.55,1.0,0.0,0.34
794,1.51,0.577,1107.75,110.51,1.0,0.0,0.4
795,0.372,2.392,2387.75,158.94,1.0,0.0,0.02
796,-1.113,-2.532,45.73,6.09,1.0,0.0,0.0
797,-0.806,-1.611,359.72,18.27,1.0,0.0,3.39
798,-0.844,1.261,1374.8,69.98,1.0,0.0,0.34
799,1.009,-2.759,1005.29,56.12,-1.0,0.0,0.2
800,-0.423,0.388,3386.66,97.85,-1.0,0.0,0.0
801,0.108,1.802,860.16,107.28,1.0,0.0,0.14
802,-0.875,-1.855,148.01,31.75,1.0,0.0,1.11
803,-0.362,1.462,233.69,29.43,-1.0,0.0,0.42
804,-0.319,2.838,96.36,6.45,1.0,0.0,32.65
805,-0.796,-0.586,3244.55,469.57,1.0,0.0,0.26
806,1.598,-1.232,114.02,4.68,1.0,0.0,999.9
807,-1.637,-2.982,80.36,5.3,1.0,0.0,0.04
808,0.025,1.556,1317.91,84.13,1.0,0.0,0.06
809,1.077,-2.528,1970.2,0.14,-1.0,0.0,999.9
810,-1.003,-1.188,44.81,8.54,1.0,0.0,10.88
811,-0.567,0.637,230.64,31.3,1.0,0.0,0.34
812,-0.166,-3.059,2701.46,10.76,1.0,0.0,0.0
813,0.555,1.841,2001.6,292.61,1.0,0.0,0.11
814,-0.357,-2.688,42.71,7.21,-1.0,0.0,0.37
815,-0.237,2.783,2198.28,223.56,1.0,0.0,0.5
816,0.785,2.752,1536.22,69.99,-1.0,0.0,0.14
817,0.926,-0.926,1429.5,0.14,-1.0,0.0,999.9
818,0.998,0.228,52.58,8.76,1.0,0.0,0.0
819,0.843,2.841,2302.67,68.9,-1.0,0.0,999.9
820,-0.27,-1.042,1243.27,132.02,1.0,0.0,9.5
821,-0.744,-2.169,27.18,3.46,-1.0,0.0,999.9
822,0.655,-0.301,151.21,17.73,1.0,0.0,8.34
823,-0.278,-2.415,1379.29,90.72,-1.0,0.0,999.9
824,-0.807,-1.467,1055.73,23.47,-1.0,0.0,0.94
825,0.594,-0.067,28.38,4.16,-1.0,0.0,0.0
826,1.101,-1.775,1767.05,48.54,1.0,0.0,1.79
827,-0.033,-1.024,1023.21,44.19,1.0,0.0,1.5
828,-0.232,1.27,90.82,8.44,-1.0,0.0,0.69
829,-0.489,3.113,2312.08,173.91,1.0,0.0,14.3
830,0.905,0.142,971.34,60.06,1.0,0.0,0.0
831,0.367,-0.137,519.33,29.84,1.0,0.0,0.56
832,-0.369,2.105,78.16,7.11,1.0,0.0,0.29
833,0.955,-0.292,1473.47,110.15,1.0,0.0,0.42
834,0.364,-2.822,1007.47,72.24,1.0,0.0,0.0
835,-1.645,-0.62,153.43,20.46,1.0,0.0,0.17
836,-0.135,-1.389,2797.34,119.67,1.0,0.0,1.29
837,-0.236,-3.079,2685.06,41.86,-1.0,0.0,0.0
838,0.594,-1.657,2204.81,203.75,1.0,0.0,11.71
839,0.067,0.991,30.1,5.71,-1.0,0.0,2.37
840,0.726,-2.333,30.96,2.97,-1.0,0.0,0.0
841,-1.729,-0.766,174.12,15.48,1.0,0.0,0.05
842,0.477,0.825,664.13,5.74,-1.0,0.0,0.0
843,0.813,0.775,994.24,102.09,1.0,0.0,2.97
844,1.72,-2.684,68.16,2.28,1.0,0.0,0.86
845,0.286,-2.286,45.86,7.52,1.0,0.0,10.4
846,-0.373,-0.121,514.2,54.83,-1.0,0.0,0.19
847,-0.21,-2.59,1650.5,104.31,-1.0,0.0,0.38
848,-0.583,2.087,987.83,67.83,-1.0,0.0,0.88
849,-0.101,-1.185,1297.79,14.33,1.0,0.0,999.9
850,0.752,1.079,871.07,152.98,1.0,0.0,2.94
851,1.011,1.539,332.5,37.58,1.0,0.0,2.39
852,1.393,1.214,60.35,12.94,1.0,0.0,2.28
853,-1.304,-2.298,30.74,3.62,-1.0,0.0,0.0
854,-0.069,-0.737,1819.18,117.0,1.0,0.0,0.94
855,-0.111,1.328,1523.46,49.72,1.0,0.0,0.27
856,-1.278,1.364,509.0,2.76,-1.0,0.0,0.0
857,0.868,-2.054,422.56,39.22,1.0,0.0,0.35
858,1.039,-2.443,50.7,4.12,1.0,0.0,999.9
859,-1.136,1.832,380.19,37.39,-1.0,0.0,0.78
860,1.08,0.472,1903.24,144.44,-1.0,0.0,0.65
861,0.366,2.313,2290.55,148.08,1.0,0.0,2.15
862,1.295,-1.705,1250.93,99.4,1.0,0.0,0.12
863,1.294,1.375,1532.48,161.94,1.0,0.0,1.32
864,-0.043,1.494,666.97,6.61,1.0,0.0,0.0
865,-0.285,0.108,919.71,95.74,1.0,0.0,0.15
866,-1.751,-0.478,1035.34,16.54,-1.0,0.0,0.16
867,0.071,1.25,1078.08,108.4,1.0,0.0,0.3
868,1.266,-0.238,27.97,6.23,-1.0,0.0,0.0
869,-0.141,0.074,1944.27,312.6,-1.0,0.0,1.52
870,-0.719,-0.545,241.97,9.4,1.0,0.0,0.44
871,0.055,0.587,1740.08,18.57,1.0,0.0,0.14
872,0.58,-2.671,174.99,9.82,-1.0,0.0,999.9
873,-1.198,2.646,34.8,7.9,1.0,0.0,2.01
874,0.026,-0.914,2734.24,177.98,-1.0,0.0,0.32
875,-0.06,0.315,79.11,7.46,-1.0,0.0,5.12
876,-0.303,-2.392,360.09,43.97,1.0,0.0,0.3
877,-0.46,0.535,2623.09,189.76,1.0,0.0,0.39
878,-0.463,1.666,219.54,0.96,-1.0,0.0,999.9
879,-0.836,2.852,162.12,9.39,1.0,0.0,0.07
880,1.419,0.695,113.73,18.11,-1.0,0.0,0.95
881,-0.274,2.305,3308.2,400.91,1.0,0.0,1.67
882,0.325,0.214,351.43,44.4,1.0,0.0,0.75
883,-0.052,-3.067,169.39,34.93,1.0,0.0,8.45
884,-0.473,-1.458,2242.56,399.48,1.0,0.0,0.33
885,0.047,2.521,2042.58,112.36,-1.0,0.0,0.61
886,-0.047,-2.675,794.89,44.48,1.0,0.0,0.6
887,0.653,1.554,1936.47,47.42,-1.0,0.0,3.46
888,0.353,-0.981,1248.63,119.66,-1.0,0.0,0.09
889,0.685,-1.299,41.09,2.46,-1.0,0.0,0.29
890,0.938,1.985,1238.49,86.76,-1.0,0.0,0.31
891,-0.507,2.334,31.72,3.39,-1.0,0.0,0.0
892,-0.39,-2.84,104.47,9.16,1.0,0.0,0.23
893,0.407,2.385,605.59,70.51,1.0,0.0,0.29
894,0.037,0.116,1452.88,127.11,1.0,0.0,0.5
895,-0.161,-1.046,715.05,134.01,1.0,0.0,0.63
896,-1.025,-0.693,637.21,106.59,-1.0,0.0,3.96
897,0.79,2.374,2230.45,13.24,1.0,0.0,0.0
898,-0.335,-0.797,28.02,4.24,1.0,0.0,3.45
899,0.43,2.603,1727.69,92.65,1.0,0.0,0.04
900,-0.852,2.613,1359.07,134.2,-1.0,0.0,3.14
901,2.567,0.409,22.23,0.0,1.0,0.0,0.0
902,0.488,0.399,3635.84,190.95,1.0,0.0,1.65
903,-0.353,2.782,276.35,42.6,-1.0,0.0,0.22
904,-0.725,0.275,1070.08,139.2,-1.0,0.0,0.03
905,-0.816,1.653,1078.69,104.07,1.0,0.0,0.49
906,0.442,1.921,1883.72,70.32,-1.0,0.0,0.34
907,-0.722,-1.377,1272.12,154.61,1.0,0.0,0.0
908,1.929,2.574,28.0,7.04,1.0,0.0,0.14
909,-0.205,-2.937,3210.95,85.06,-1.0,0.0,1.53
910,-0.025,-0.592,431.53,46.54,1.0,0.0,0.45
911,0.172,-1.187,116.24,14.18,1.0,0.0,6.04
912,1.558,-0.799,741.56,69.89,1.0,0.0,999.9
913,0.151,1.063,861.05,36.11,-1.0,0.0,0.0
914,1.632,0.81,594.1,89.12,1.0,0.0,1.52
915,-0.452,0.551,1392.77,114.63,1.0,0.0,0.0
916,-1.291,3.093,107.46,5.58,-1.0,0.0,999.9
917,-0.629,-0.551,67.24,11.49,1.0,0.0,1.42
918,0.549,1.144,1374.97,161.52,1.0,0.0,4.31
919,0.603,1.609,979.73,38.76,1.0,0.0,0.53
920,0.727,1.594,467.75,2.66,1.0,0.0,0.0
921,-0.194,-1.415,2451.9,99.36,-1.0,0.0,0.25
922,0.524,2.159,542.74,2.96,1.0,0.0,0.0
923,-0.043,2.319,1259.72,171.52,-1.0,0.0,0.83
924,0.798,2.216,694.68,7.4,1.0,0.0,1.17
925,0.53,-2.0,1108.57,140.39,-1.0,0.0,0.76
926,0.224,1.002,555.92,35.5,1.0,0.0,1.44
927,0.103,-3.005,1370.92,282.38,1.0,0.0,0.6
928,0.406,-0.115,466.5,13.8,1.0,0.0,0.0
929,-0.1,1.225,75.33,12.19,-1.0,0.0,0.24
930,-0.003,-0.437,401.31,26.9,-1.0,0.0,0.0
931,-0.823,1.022,182.29,19.93,1.0,0.0,1.87
932,-0.389,1.215,412.43,44.19,-1.0,0.0,0.25
933,0.812,1.355,93.96,20.79,1.0,0.0,1.71
934,-0.052,2.1,2675.06,92.4,1.0,0.0,0.01
935,-2.233,-0.376,72.07,13.05,1.0,0.0,0.59
936,-0.502,0.328,1665.97,38.33,-1.0,0.0,0.0
937,0.32,-1.046,989.05,91.59,-1.0,0.0,0.37
938,0.411,-2.846,306.28,13.28,1.0,0.0,0.0
939,0.331,-2.443,206.0,7.8,1.0,0.0,0.11
940,0.015,-1.193,2125.01,143.46,-1.0,0.0,0.64
941,0.926,2.198,1213.44,86.4,-1.0,0.0,0.04
942,-0.75,2.27,38.36,6.93,1.0,0.0,0.42
943,1.182,1.914,35.15,5.69,-1.0,0.0,1.03
944,-0.569,-1.12,602.84,82.92,-1.0,0.0,0.73
945,-0.274,-1.458,173.17,16.2,-1.0,0.0,1.05
946,0.12,-1.208,26.12,2.08,-1.0,0.0,11.56
947,0.654,0.54,419.85,29.28,-1.0,0.0,0.9
948,1.067,1.546,1727.66,177.27,-1.0,0.0,0.98
949,-1.842,-0.274,109.09,17.41,1.0,0.0,1.06
950,-0.975,1.454,1072.05,26.15,1.0,0.0,4.65
951,-0.046,0.757,907.51,81.78,-1.0,0.0,1.09
952,0.115,0.891,3389.17,169.78,-1.0,0.0,0.04
953,-1.552,1.748,170.63,16.48,-1.0,0.0,1.12
954,0.966,-2.35,979.01,94.72,-1.0,0.0,0.4
955,0.272,-2.875,2610.04,226.2,1.0,0.0,2.85
956,-0.038,-2.557,34.47,6.18,1.0,0.0,0.0
957,1.75,0.022,34.48,4.58,-1.0,0.0,5.26
958,-0.211,2.032,50.94,0.15,-1.0,0.0,999.9
959,-1.474,2.253,1183.57,151.64,1.0,0.0,0.04
960,1.72,2.27,42.74,7.86,-1.0,0.0,0.0
961,-1.791,2.642,110.3,12.08,-1.0,0.0,1.13
962,0.91,1.449,41.07,4.33,-1.0,0.0,0.0
963,-0.728,-0.44,1210.21,83.99,-1.0,0.0,0.22
964,0.034,1.749,3559.06,69.57,1.0,0.0,0.0
965,-1.809,2.592,649.99,7.48,1.0,0.0,0.0
966,1.731,1.947,38.61,7.9,-1.0,0.0,8.58
967,0.155,-2.006,420.22,44.99,-1.0,0.0,0.49
968,0.12,-1.292,278.79,0.94,-1.0,0.0,999.9
969,-1.258,-1.823,28.62,4.48,1.0,0.0,0.21
970,1.204,-3.006,1155.44,34.74,1.0,0.0,0.02
971,1.129,-0.126,543.19,56.88,-1.0,0.0,1.6
972,-2.617,1.409,55.04,7.23,-1.0,0.0,0.71
973,-2.406,0.863,52.99,8.48,-1.0,0.0,1.72
974,0.175,0.738,1596.89,99.88,-1.0,0.0,0.32
975,1.247,-1.732,787.9,120.48,1.0,0.0,0.27
976,-0.338,-0.878,53.11,8.39,1.0,0.0,1.18
977,-0.403,-1.907,3864.18,322.24,1.0,0.0,2.7
978,0.293,-1.584,2231.82,337.7,-1.0,0.0,0.81
979,-0.712,-2.289,27.99,6.62,1.0,0.0,0.0
980,2.427,-3.106,352.26,24.26,-1.0,0.0,135.42
981,1.391,2.486,65.49,7.81,1.0,0.0,0.0
982,1.235,1.135,536.31,43.42,-1.0,0.0,1.88
983,-1.691,0.272,160.97,16.31,1.0,0.0,0.94
984,-1.836,0.733,34.86,1.96,1.0,0.0,999.9
985,0.2,-1.82,530.35,0.86,1.0,0.0,0.0
986,-0.106,3.069,902.96,108.05,1.0,0.0,0.02
987,0.478,3.101,462.59,1.4,1.0,0.0,0.0
988,-1.233,-0.203,1214.93,5.86,1.0,0.0,0.0
989,-0.314,0.523,1194.54,41.99,-1.0,0.0,0.7
990,1.556,1.129,162.99,32.04,1.0,0.0,1.42
991,-0.647,-1.427,937.24,15.68,1.0,0.0,0.33
992,0.189,0.123,564.47,46.95,1.0,0.0,0.45
993,1.802,-2.872,147.19,20.49,1.0,0.0,0.33
994,0.144,-1.797,154.11,17.21,-1.0,0.0,0.18
995,-0.463,-0.686,66.05,6.75,1.0,0.0,0.0
996,-0.771,-2.523,1510.93,6.47,1.0,0.0,0.0
997,-0.552,-1.779,949.1,57.22,-1.0,0.0,1.99
998,0.75,3.022,477.13,82.09,1.0,0.0,0.28
999,-1.158,0.862,173.39,22.23,1.0,0.0,0.08
1000,-0.55,-3.091,2768.2,393.16,1.0,0.0,0.27
1001,0.726,-0.092,361.76,11.5,-1.0,0.0,0.03
1002,-0.534,-2.842,2975.75,176.3,1.0,0.0,0.71
1003,-0.167,-1.999,2477.98,170.2,1.0,0.0,0.43
1004,-0.838,0.403,326.38,15.48,-1.0,0.0,1.68
1005,-0.017,-0.522,3069.95,291.04,-1.0,0.0,2.33
1006,-1.11,3.036,179.13,14.73,1.0,0.0,0.48
1007,-0.508,3.067,695.74,41.35,1.0,0.0,0.0
1008,0.486,2.462,1679.05,199.34,1.0,0.0,0.42
1009,-0.059,-1.115,31.61,0.81,1.0,0.0,0.0
1010,-0.111,0.641,2354.47,41.03,1.0,0.0,0.0
1011,1.037,0.06,53.22,8.56,1.0,0.0,0.97
1012,0.916,0.9,136.44,8.24,1.0,0.0,2.12
1013,-1.009,-2.251,653.09,73.1,1.0,0.0,0.92
1014,0.261,-3.062,49.1,0.99,1.0,0.0,0.0
1015,1.049,0.499,2258.96,395.57,-1.0,0.0,0.97
1016,0.843,1.066,459.17,107.2,-1.0,0.0,1.12
1017,0.607,-0.197,417.92,61.88,1.0,0.0,0.03
1018,0.432,-1.698,2158.14,151.24,-1.0,0.0,0.02
1019,-1.885,-2.298,1065.13,1.25,-1.0,0.0,999.9
1020,-0.379,-2.79,3295.64,216.77,1.0,0.0,0.75
1021,1.542,-2.525,401.34,36.66,1.0,0.0,3.17
1022,-0.099,1.622,1621.65,123.88,1.0,0.0,0.11
1023,-0.476,2.152,3058.46,57.67,-1.0,0.0,0.36
1024,1.76,-1.128,318.37,7.38,1.0,0.0,1.61
1025,-0.782,1.864,56.63,8.34,1.0,0.0,0.13
1026,-0.662,2.635,2053.72,1.37,1.0,0.0,999.9
1027,-0.044,1.136,51.79,1.07,1.0,0.0,999.9
1028,-0.492,2.843,1405.02,227.29,1.0,0.0,0.03
1029,-0.112,2.497,50.04,5.11,1.0,0.0,0.0
1030,0.355,-2.069,2127.72,174.43,1.0,0.0,0.02
1031,-0.104,2.77,140.58,12.7,-1.0,0.0,0.18
1032,0.686,-1.647,266.63,10.01,1.0,0.0,0.0
1033,-1.576,0.707,653.38,11.28,-1.0,0.0,16.52
1034,-0.582,2.646,201.29,26.9,1.0,0.0,0.07
1035,-1.673,-2.324,30.65,5.97,1.0,0.0,999.9
1036,0.496,-3.009,39.43,5.71,1.0,0.0,26.53
1037,0.112,1.365,23.13,7.59,1.0,0.0,2.19
1038,0.094,1.334,1017.93,1.44,1.0,0.0,999.9
1039,-1.485,3.036,558.6,32.14,1.0,0.0,0.42
1040,0.496,-1.238,3651.37,0.0,-1.0,0.0,999.9
1041,-0.242,0.494,1007.35,45.21,-1.0,0.0,1.61
1042,2.279,2.052,518.77,18.76,1.0,0.0,0.22
1043,0.914,-1.128,84.42,9.8,1.0,0.0,0.42
1044,-0.011,-2.043,32.24,5.18,-1.0,0.0,0.0
1045,2.686,-0.903,31.98,3.2,-1.0,0.0,999.9
1046,0.327,1.928,2313.91,173.98,-1.0,0.0,0.45
1047,-1.645,-1.828,920.5,71.93,1.0,0.0,1.15
1048,2.029,-1.92,611.92,91.88,-1.0,0.0,0.26
1049,-1.811,-0.471,41.08,8.6,1.0,0.0,2.21
1050,-0.736,-3.056,1536.94,208.73,1.0,0.0,3.88
1051,0.412,1.912,141.25,1.3,1.0,0.0,999.9
1052,0.279,3.045,646.46,97.3,-1.0,0.0,0.14
1053,-1.249,0.925,1362.81,31.14,1.0,0.0,1.36
1054,-0.97,-1.191,23.99,5.09,1.0,0.0,0.0
1055,-1.493,1.529,251.87,48.48,-1.0,0.0,1.8
1056,-2.113,-1.343,206.94,0.14,-1.0,0.0,999.9
1057,0.345,1.655,952.81,63.57,1.0,0.0,0.0
1058,-0.338,1.713,3475.14,273.44,-1.0,0.0,0.38
1059,-0.1,2.694,385.85,11.39,-1.0,0.0,0.0
1060,-1.156,2.612,1220.98,236.08,-1.0,0.0,0.35
1061,1.816,-0.943,135.96,16.43,-1.0,0.0,0.03
1062,1.709,-0.76,50.98,0.89,1.0,0.0,0.0
1063,-0.045,-1.592,1269.19,149.58,1.0,0.0,0.06
1064,-0.584,0.424,1122.17,18.4,1.0,0.0,0.0
1065,-0.397,2.535,151.8,28.96,1.0,0.0,0.71
1066,-0.834,-2.406,2979.0,156.82,-1.0,0.0,0.16
1067,1.329,0.009,1349.46,211.72,-1.0,0.0,0.45
1068,-0.721,1.59,34.49,4.38,1.0,0.0,999.9
1069,-0.717,-0.269,830.12,24.91,-1.0,0.0,0.0
1070,-0.636,1.864,1658.67,136.93,1.0,0.0,1.32
1071,0.994,-1.613,1421.41,94.28,1.0,0.0,1.21
1072,0.164,0.089,1063.17,128.57,1.0,0.0,1.1
1073,-1.318,-1.337,82.74,8.47,1.0,0.0,0.0
1074,-0.171,-1.266,1120.49,89.58,1.0,0.0,0.57
1075,0.086,-1.89,3265.72,562.22,1.0,0.0,0.6
1076,-0.237,-1.431,286.41,16.66,1.0,0.0,999.9
1077,-1.88,2.915,897.68,0.95,1.0,0.0,999.9
1078,-0.052,-2.598,2868.63,73.59,1.0,0.0,0.52
1079,0.107,0.622,2459.47,11.12,-1.0,0.0,0.0
1080,0.953,1.502,2286.58,56.07,1.0,0.0,0.01
1081,-1.03,2.802,2672.46,82.67,-1.0,0.0,2.07
1082,-0.197,1.017,1057.62,40.39,1.0,0.0,0.81
1083,0.193,-2.172,511.36,21.18,1.0,0.0,0.0
1084,-0.917,1.603,894.28,25.57,-1.0,0.0,0.11
1085,0.797,-2.191,965.78,80.92,-1.0,0.0,1.72
1086,0.697,-2.631,216.53,6.11,-1.0,0.0,0.0
1087,0.209,-2.081,300.12,34.64,-1.0,0.0,0.39
1088,0.379,-0.297,3101.16,64.53,-1.0,0.0,1.21
1089,0.116,2.707,2402.89,450.46,1.0,0.0,0.22
1090,0.39,3.035,275.17,0.14,1.0,0.0,999.9
1091,-0.275,1.71,2288.51,62.78,1.0,0.0,0.78
1092,2.134,1.037,208.98,1.24,1.0,0.0,0.0
1093,0.578,1.182,2097.08,38.22,-1.0,0.0,0.0
1094,0.345,0.719,967.86,11.61,-1.0,0.0,0.0
1095,-1.035,1.922,1600.25,130.91,-1.0,0.0,0.01
1096,-0.367,-2.947,455.95,17.23,1.0,0.0,999.9
1097,0.73,0.166,2119.3,160.0,-1.0,0.0,0.31
1098,0.861,1.023,2206.44,340.03,-1.0,0.0,1.43
1099,-1.491,-2.587,490.2,21.54,-1.0,0.0,0.36
1100,0.602,-1.636,39.35,3.53,1.0,0.0,999.9
1101,-0.008,-1.138,2483.86,105.39,1.0,0.0,0.1
1102,1.56,-1.151,47.13,6.38,1.0,0.0,999.9
1103,-0.099,-1.708,1295.9,138.69,-1.0,0.0,0.31
1104,-0.227,1.723,514.78,51.63,-1.0,0.0,1.31
1105,-0.492,2.235,195.04,25.4,-1.0,0.0,1.72
1106,-0.12,1.119,40.31,8.43,1.0,0.0,0.89
1107,0.173,0.675,1800.71,132.2,1.0,0.0,0.08
1108,0.248,0.18,1765.96,96.23,1.0,0.0,0.03
1109,0.373,1.165,1204.46,92.82,1.0,0.0,1.59
1110,0.817,-0.047,2197.14,212.6,1.0,0.0,0.05
1111,-0.297,-1.423,1447.54,71.17,-1.0,0.0,1.58
1112,-0.426,-1.737,1933.28,235.91,1.0,0.0,0.3
1113,1.018,1.312,640.83,120.04,1.0,0.0,1.1
1114,0.022,1.912,1236.67,43.32,1.0,0.0,5.71
1115,-1.443,2.632,100.74,21.56,1.0,0.0,0.34
1116,-0.487,1.071,3040.91,159.02,-1.0,0.0,2.7
1117,0.42,-1.636,918.75,59.59,1.0,0.0,0.59
1118,0.725,0.053,1504.28,163.52,1.0,0.0,0.3
1119,0.495,-3.111,45.65,4.89,-1.0,0.0,0.37
1120,0.935,-0.652,695.17,51.65,-1.0,0.0,0.28
1121,-0.369,2.999,32.54,4.78,-1.0,0.0,0.53
1122,-0.733,0.322,139.73,25.75,1.0,0.0,0.63
1123,-0.732,1.161,1488.7,115.15,1.0,0.0,0.66
1124,2.376,-1.375,226.08,24.31,-1.0,0.0,0.3
1125,0.15,-0.155,2890.17,295.97,1.0,0.0,0.58
1126,-0.103,1.18,3108.79,458.4,-1.0,0.0,0.69
1127,0.533,-3.086,1394.41,160.7,-1.0,0.0,0.38
1128,-0.256,-1.487,907.78,172.2,1.0,0.0,0.23
1129,0.274,-1.63,2182.42,184.99,1.0,0.0,1.16
1130,-0.397,-1.283,2315.1,22.22,1.0,0.0,0.0
1131,-0.046,-0.423,858.51,74.33,1.0,0.0,0.91
1132,-0.674,-1.125,2447.19,116.43,1.0,0.0,2.27
1133,0.632,0.572,3878.15,138.55,1.0,0.0,0.01
1134,-1.001,1.009,1553.79,61.04,-1.0,0.0,0.63
1135,1.204,-1.77,1607.28,57.02,1.0,0.0,0.06
1136,-0.362,1.419,760.93,84.75,1.0,0.0,0.97
1137,0.231,-2.09,1203.85,24.62,1.0,0.0,0.0
1138,-0.931,1.704,359.74,19.53,-1.0,0.0,9.19
1139,-0.111,1.469,1529.02,116.24,1.0,0.0,0.0
1140,1.304,2.264,1689.82,5.27,1.0,0.0,0.0
1141,1.265,-2.29,468.31,33.68,1.0,0.0,0.05
1142,1.053,0.105,2947.24,99.58,-1.0,0.0,1.17
1143,0.031,-0.815,939.94,106.4,1.0,0.0,0.3
1144,-0.951,0.82,395.85,31.51,-1.0,0.0,1.24
1145,0.414,-0.745,591.75,3.22,1.0,0.0,0.0
1146,0.635,-1.418,1323.51,0.14,-1.0,0.0,999.9
1147,-0.117,-0.865,368.38,7.93,1.0,0.0,0.77
1148,2.476,3.111,37.22,1.06,-1.0,0.0,999.9
1149,-0.676,2.892,557.7,30.63,1.0,0.0,0.15
1150,-1.033,2.337,360.22,3.43,1.0,0.0,0.0
1151,-1.29,-2.242,680.77,2.02,1.0,0.0,0.0
1152,-0.557,-1.369,156.92,0.0,-1.0,0.0,999.9
1153,0.755,2.45,1509.88,25.63,-1.0,0.0,0.33
1154,-0.064,-2.697,24.07,3.21,-1.0,0.0,0.0
1155,-0.607,0.592,50.93,11.65,1.0,0.0,0.9
1156,-0.207,-2.952,59.57,8.2,-1.0,0.0,0.41
1157,-0.105,-2.378,3244.95,123.81,-1.0,0.0,0.61
1158,0.916,2.804,2028.94,264.14,1.0,0.0,0.3
1159,-0.191,-0.61,2404.26,214.72,1.0,0.0,1.46
1160,-1.229,0.001,314.61,21.83,-1.0,0.0,0.0
1161,1.653,-2.445,53.69,9.93,1.0,0.0,1.15
1162,-1.335,2.294,23.31,2.78,1.0,0.0,0.0
1163,2.013,1.7,228.75,29.54,-1.0,0.0,1.78
1164,0.232,0.547,390.55,4.11,1.0,0.0,0.0
1165,-0.194,0.334,30.82,5.09,1.0,0.0,24.99
1166,-0.933,1.734,114.45,5.98,1.0,0.0,0.0
1167,-0.464,2.068,3785.1,131.49,1.0,0.0,24.91
1168,1.173,-1.351,767.88,4.07,1.0,0.0,0.12
1169,1.27,2.719,38.1,8.59,1.0,0.0,1.91
1170,-0.8,2.779,2108.76,229.27,-1.0,0.0,1.26
1171,-0.273,-0.854,873.78,64.16,1.0,0.0,0.25
1172,0.323,0.9,157.86,22.91,-1.0,0.0,1.41
1173,1.121,2.78,70.33,15.91,-1.0,0.0,0.56
1174,2.023,1.849,1144.4,40.55,1.0,0.0,2.56
1175,-0.772,2.667,2501.33,23.45,1.0,0.0,0.0
1176,-0.756,2.822,1952.32,61.81,1.0,0.0,0.0
1177,0.194,-1.834,65.62,10.62,-1.0,0.0,0.47
1178,-1.187,-2.418,1145.31,11.61,1.0,0.0,0.0
1179,-0.535,2.783,2107.79,246.09,-1.0,0.0,1.91
1180,-0.211,-0.815,1331.09,109.61,-1.0,0.0,0.16
1181,0.427,0.021,937.16,19.16,-1.0,0.0,0.0
1182,-0.494,-2.43,318.82,8.34,-1.0,0.0,0.0
1183,-1.651,-0.115,54.22,1.1,1.0,0.0,0.0
1184,-0.015,0.315,569.24,88.51,1.0,0.0,2.06
1185,2.078,-0.704,503.73,9.58,1.0,0.0,243.55
1186,-0.68,2.949,35.86,8.0,-1.0,0.0,0.0
1187,-0.087,-1.749,2095.47,187.49,1.0,0.0,0.54
1188,0.071,-2.219,864.89,63.63,1.0,0.0,0.62
1189,0.537,2.568,125.54,11.95,1.0,0.0,1.18
1190,0.016,-1.245,1118.86,128.68,-1.0,0.0,2.32
1191,0.96,-0.281,384.4,38.0,-1.0,0.0,0.32
1192,-1.046,2.887,251.91,3.64,1.0,0.0,0.0
1193,1.508,-2.416,29.09,4.98,1.0,0.0,4.94
1194,0.929,-2.953,291.72,10.61,-1.0,0.0,0.0
1195,0.974,-2.789,29.57,4.9,1.0,0.0,1.4
1196,-1.088,1.167,25.09,6.17,-1.0,0.0,6.27
1197,-0.801,-1.733,330.23,11.62,1.0,0.0,2.1
1198,-1.004,-1.58,1981.67,211.44,1.0,0.0,0.21
1199,-0.201,-1.523,84.4,8.55,-1.0,0.0,0.11
1200,1.713,0.096,705.51,8.88,1.0,0.0,0.0
1201,-0.795,-2.094,1160.94,112.27,1.0,0.0,0.16
1202,2.821,0.381,96.85,10.42,-1.0,0.0,2.05
1203,0.816,-0.064,1553.99,106.07,1.0,0.0,0.0
1204,0.076,0.231,473.71,43.13,-1.0,0.0,0.33
1205,0.478,-0.091,35.98,8.05,1.0,0.0,0.0
1206,0.13,-0.684,2130.37,293.72,-1.0,0.0,1.25
1207,0.412,-2.692,1523.32,82.15,-1.0,0.0,0.28
1208,1.706,-0.831,217.99,13.2,1.0,0.0,0.74
1209,-0.567,2.147,2100.71,97.03,1.0,0.0,1.0
1210,0.189,1.694,2151.1,20.28,1.0,0.0,1.17
1211,-0.475,0.843,30.63,5.61,1.0,0.0,0.09
1212,0.834,-2.387,168.89,34.22,1.0,0.0,3.63
1213,0.646,1.015,1335.65,93.36,-1.0,0.0,0.81
1214,1.521,1.26,122.63,0.59,1.0,0.0,0.0
1215,-0.119,-0.501,3255.49,162.12,-1.0,0.0,0.05
1216,1.602,-0.786,28.35,6.49,-1.0,0.0,0.0
1217,0.508,2.385,609.59,99.18,1.0,0.0,1.03
1218,0.597,0.007,904.96,115.77,-1.0,0.0,0.0
1219,-0.636,-0.715,1721.83,105.27,1.0,0.0,0.39
1220,-0.256,2.079,1601.34,143.25,-1.0,0.0,0.09
1221,0.339,2.744,663.79,2.31,1.0,0.0,0.0
1222,0.196,-1.249,3921.0,727.92,1.0,0.0,0.28
1223,-0.131,-2.745,1077.66,16.77,1.0,0.0,0.0
1224,-1.109,2.105,1495.51,94.58,-1.0,0.0,0.76
1225,0.686,2.171,1043.0,97.83,-1.0,0.0,1.18
1226,-0.565,1.617,575.38,26.61,1.0,0.0,0.08
1227,0.387,2.885,1919.64,312.56,1.0,0.0,1.7
1228,-0.483,-1.728,1306.38,122.34,1.0,0.0,0.25
1229,-0.025,-2.525,194.6,18.34,-1.0,0.0,0.37
1230,1.938,0.278,25.46,3.81,-1.0,0.0,0.0
1231,0.373,2.997,4011.9,93.34,-1.0,0.0,999.9
1232,0.196,0.113,29.59,5.94,1.0,0.0,999.9
1233,-0.68,-0.567,242.51,4.02,-1.0,0.0,0.17
1234,1.304,-1.604,191.49,22.53,1.0,0.0,2.56
1235,-1.115,-1.242,189.61,15.65,-1.0,0.0,0.34
1236,-0.568,2.701,143.1,3.33,1.0,0.0,999.9
1237,0.717,-0.711,1792.3,212.69,-1.0,0.0,0.03
1238,-0.141,0.121,610.68,22.7,-1.0,0.0,0.3
1239,0.127,0.475,313.62,18.44,-1.0,0.0,0.98
1240,-0.762,-1.534,2477.73,71.67,-1.0,0.0,0.05
1241,0.885,0.987,1380.51,35.58,-1.0,0.0,0.02
1242,-0.206,-2.4,2693.14,89.63,-1.0,0.0,0.44
1243,0.29,-0.779,1882.31,171.95,-1.0,0.0,0.17
1244,-0.597,2.057,1587.76,149.39,-1.0,0.0,1.64
1245,-0.158,-1.647,282.85,28.15,1.0,0.0,0.8
1246,0.434,-0.121,69.33,10.56,-1.0,0.0,0.0
1247,0.002,-1.003,2352.62,393.72,-1.0,0.0,0.07
1248,0.074,-2.096,87.4,13.16,1.0,0.0,1.48
1249,-0.376,2.011,600.51,23.4,1.0,0.0,0.05
1250,1.214,2.1,354.83,19.58,-1.0,0.0,0.1
1251,0.535,-0.832,684.01,97.4,1.0,0.0,2.37
1252,0.37,0.673,3018.23,40.91,1.0,0.0,0.27
1253,0.254,2.465,1240.43,2.38,1.0,0.0,0.0
1254,0.971,-1.924,396.9,29.0,-1.0,0.0,0.09
1255,1.839,-3.081,389.69,10.94,-1.0,0.0,0.0
1256,0.826,0.376,1221.31,37.82,1.0,0.0,0.2
1257,1.915,-1.337,652.11,103.46,-1.0,0.0,0.08
1258,0.814,1.929,1679.38,21.39,-1.0,0.0,999.9
1259,1.177,1.048,308.23,20.33,1.0,0.0,0.0
1260,0.962,0.928,221.59,19.86,1.0,0.0,0.89
1261,0.806,0.522,160.63,6.98,1.0,0.0,0.03
1262,-0.117,0.518,3633.24,418.55,-1.0,0.0,0.33
1263,0.967,-2.273,449.77,41.56,1.0,0.0,1.45
1264,1.513,-3.138,124.41,12.04,-1.0,0.0,0.28
1265,0.631,-0.695,1106.93,81.98,1.0,0.0,0.85
1266,0.565,3.074,52.74,0.15,1.0,0.0,0.0
1267,-1.056,-0.295,2404.86,385.3,-1.0,0.0,0.82
1268,-1.451,2.646,661.99,59.83,-1.0,0.0,0.65
1269,-0.203,-2.53,25.95,1.4,1.0,0.0,3.49
1270,-1.22,-2.24,1324.57,103.23,-1.0,0.0,0.42
1271,-1.296,-1.957,321.46,41.16,1.0,0.0,0.53
1272,2.454,0.101,625.69,31.32,1.0,0.0,0.21
1273,0.73,-2.81,2345.48,142.4,1.0,0.0,0.0
1274,0.564,1.32,255.18,22.05,1.0,0.0,0.2
1275,0.565,0.546,752.87,101.13,-1.0,0.0,0.7
1276,0.923,-2.979,948.23,65.27,1.0,0.0,0.0
1277,0.241,0.232,1564.09,29.36,-1.0,0.0,0.66
1278,-0.352,2.328,587.44,12.57,-1.0,0.0,0.15
1279,-0.417,0.665,298.15,36.67,-1.0,0.0,0.31
1280,-0.67,0.785,98.15,14.47,1.0,0.0,3.52
1281,0.122,0.986,1864.17,271.39,1.0,0.0,1.69
1282,-0.513,2.848,2103.93,10.37,-1.0,0.0,0.0
1283,-0.261,-0.149,1854.08,283.16,-1.0,0.0,1.8
1284,-0.393,-2.32,3488.27,247.46,1.0,0.0,0.13
1285,0.672,0.372,944.46,9.64,1.0,0.0,0.0
1286,0.887,-0.67,1592.74,75.78,1.0,0.0,0.1
1287,-0.887,0.924,927.67,90.53,1.0,0.0,0.35
1288,-1.0,-2.244,1606.52,331.46,1.0,0.0,0.13
1289,1.203,-1.734,142.73,14.34,1.0,0.0,36.59
1290,0.46,-2.875,1168.37,97.39,1.0,0.0,3.94
1291,-1.25,0.7,253.76,55.04,1.0,0.0,0.75
1292,-0.457,-0.426,952.52,125.71,-1.0,0.0,0.62
1293,1.114,0.537,1091.62,58.39,1.0,0.0,0.22
1294,-1.321,2.759,26.1,3.47,-1.0,0.0,0.73
1295,0.324,-0.273,3554.18,199.75,-1.0,0.0,0.32
1296,1.404,-2.679,28.61,6.02,-1.0,0.0,0.21
1297,-0.062,-0.925,4565.31,0.0,-1.0,0.0,999.9
1298,-1.089,2.717,513.28,69.93,-1.0,0.0,0.2
1299,-0.662,-1.821,51.45,4.31,1.0,0.0,999.9
1300,-0.0,0.925,2409.66,50.4,-1.0,0.0,0.39
1301,-0.093,-1.21,1009.71,37.61,-1.0,0.0,0.0
1302,0.184,0.726,1551.96,16.38,-1.0,0.0,0.0
1303,0.199,0.328,2308.46,2.08,1.0,0.0,999.9
1304,-0.41,2.906,4030.76,266.0,1.0,0.0,0.14
1305,0.254,2.138,1760.15,192.53,1.0,0.0,0.02
1306,-1.326,-2.557,280.4,11.33,1.0,0.0,0.0
1307,-0.844,-0.164,2785.0,92.12,-1.0,0.0,0.89
1308,0.621,-1.724,220.52,26.75,-1.0,0.0,1.06
1309,1.118,2.785,847.08,74.72,-1.0,0.0,0.14
1310,-1.79,1.371,129.07,14.48,1.0,0.0,0.31
1311,-1.11,1.086,39.7,8.55,1.0,0.0,6.65
1312,0.103,-2.033,871.57,120.74,1.0,0.0,0.35
1313,-0.576,-0.653,623.58,86.07,1.0,0.0,0.06
1314,2.366,0.21,44.5,7.21,-1.0,0.0,1.38
1315,-0.387,0.493,1723.05,120.76,1.0,0.0,0.43
1316,0.106,2.083,3504.96,269.08,-1.0,0.0,0.08
1317,-0.5,-0.526,2175.64,140.95,1.0,0.0,0.95
1318,-0.088,-0.032,3008.2,187.8,1.0,0.0,0.03
1319,-0.084,-0.293,1649.53,26.38,1.0,0.0,0.0
1320,-0.905,2.586,829.21,16.87,-1.0,0.0,0.06
1321,1.629,-0.13,806.67,5.93,1.0,0.0,0.0
1322,-1.953,-1.292,476.4,28.16,1.0,0.0,7.23
1323,-0.353,-2.661,3205.21,24.63,1.0,0.0,0.0
1324,1.087,2.032,293.09,12.37,-1.0,0.0,0.02
1325,0.467,-0.543,42.88,5.01,1.0,0.0,3.28
1326,0.438,1.816,582.11,0.14,1.0,0.0,999.9
1327,0.021,1.499,1810.29,195.93,1.0,0.0,0.52
1328,0.407,0.425,3412.57,125.81,-1.0,0.0,2.28
1329,0.284,2.116,2409.17,54.8,1.0,0.0,5.58
1330,-0.582,0.5,463.43,6.09,1.0,0.0,338.24
1331,1.433,-0.849,571.4,36.7,-1.0,0.0,0.39
1332,0.904,1.72,368.43,66.1,-1.0,0.0,0.5
1333,-0.271,-2.54,1265.6,29.91,-1.0,0.0,0.18
1334,-0.053,-1.35,2524.52,62.57,-1.0,0.0,999.9
1335,0.301,-1.886,3391.88,147.19,1.0,0.0,9.66
1336,0.358,-2.22,3807.38,258.14,1.0,0.0,0.02
1337,-1.465,1.98,1209.69,35.46,1.0,0.0,0.03
1338,-0.679,2.151,696.88,95.5,-1.0,0.0,0.81
1339,-0.248,2.884,1337.34,21.79,1.0,0.0,0.0
1340,1.103,0.985,231.76,31.27,1.0,0.0,2.32
1341,1.88,2.561,104.9,7.05,1.0,0.0,0.04
1342,1.37,-1.617,98.85,13.52,1.0,0.0,1.27
1343,1.483,2.339,65.11,1.68,1.0,0.0,0.0
1344,-0.228,1.264,743.79,9.62,1.0,0.0,0.62
1345,0.61,-1.079,3259.19,203.55,-1.0,0.0,4.77
1346,1.035,-0.736,59.15,12.25,-1.0,0.0,0.63
1347,0.193,3.131,160.73,20.8,-1.0,0.0,1.13
1348,-0.818,2.139,2698.22,67.8,-1.0,0.0,0.01
1349,-0.113,-1.854,2182.72,4.86,-1.0,0.0,0.0
1350,-0.222,-1.731,3133.19,305.85,-1.0,0.0,1.95
1351,1.256,-1.459,214.38,5.03,1.0,0.0,0.0
1352,-0.498,-0.319,198.16,31.63,1.0,0.0,0.0
1353,-0.299,2.39,63.29,2.66,-1.0,0.0,1.91
1354,0.554,-0.187,40.88,7.08,1.0,0.0,1.54
1355,0.902,-2.149,952.76,114.51,-1.0,0.0,0.27
1356,-1.003,2.13,258.6,27.72,1.0,0.0,2.29
1357,-1.281,1.745,24.37,0.12,1.0,0.0,999.9
1358,0.216,-1.23,767.97,88.59,1.0,0.0,0.64
1359,0.63,-1.352,606.29,60.61,1.0,0.0,0.23
1360,1.019,0.349,1749.68,164.97,-1.0,0.0,0.22
1361,0.314,-2.053,3094.93,187.27,1.0,0.0,0.01
1362,0.766,-0.5,1021.36,24.87,1.0,0.0,0.1
1363,-0.645,-2.025,2371.93,107.74,-1.0,0.0,0.35
1364,-0.872,0.405,245.22,49.14,1.0,0.0,1.15
1365,0.249,-2.903,850.61,169.56,-1.0,0.0,0.89
1366,-0.122,0.272,2876.99,298.14,1.0,0.0,0.63
1367,-0.18,-0.239,1484.71,117.8,1.0,0.0,0.03
1368,1.491,-2.522,30.6,3.87,-1.0,0.0,1.7
1369,0.575,-0.342,1337.34,22.12,1.0,0.0,0.0
1370,-0.912,1.229,565.78,42.23,1.0,0.0,0.32
1371,0.239,-1.354,1733.85,100.58,1.0,0.0,0.01
1372,-0.157,-2.563,2723.53,185.72,1.0,0.0,0.46
1373,1.306,2.874,108.81,9.0,-1.0,0.0,0.25
1374,0.706,-0.535,1097.3,58.04,1.0,0.0,0.58
1375,0.813,2.142,2214.93,108.72,-1.0,0.0,0.34
1376,-0.793,-1.446,821.48,20.53,1.0,0.0,999.9
1377,-0.107,-3.033,613.14,81.02,1.0,0.0,0.56
1378,-0.06,0.845,676.13,22.54,1.0,0.0,0.98
1379,-0.172,-1.032,3420.89,125.53,1.0,0.0,0.0
1380,-1.228,-1.926,24.03,2.42,1.0,0.0,0.91
1381,0.145,-0.304,2394.75,109.24,1.0,0.0,0.01
1382,0.025,0.93,34.42,6.21,1.0,0.0,0.43
1383,-0.829,0.061,1397.76,198.91,1.0,0.0,0.89
1384,-0.148,0.5,61.71,4.57,1.0,0.0,0.0
1385,-0.46,-2.558,1372.8,29.55,-1.0,0.0,120.19
1386,-0.689,2.376,120.37,9.58,1.0,0.0,0.08
1387,0.49,-0.169,1181.52,250.06,1.0,0.0,0.2
1388,-2.314,1.246,74.38,14.47,1.0,0.0,2.09
1389,0.157,-2.217,2783.59,434.67,1.0,0.0,1.26
1390,-0.8,-2.516,1389.85,153.51,1.0,0.0,0.8
1391,0.114,-2.61,48.46,4.34,1.0,0.0,0.0
1392,-0.289,0.375,478.14,66.65,1.0,0.0,2.37
1393,-0.414,1.408,1959.78,101.23,1.0,0.0,0.45
1394,-0.176,1.972,1586.85,285.28,-1.0,0.0,0.66
1395,-1.238,-2.372,786.61,41.36,-1.0,0.0,3.54
1396,0.129,-2.424,2509.95,172.17,1.0,0.0,1.66
1397,0.194,-3.087,2233.19,440.03,1.0,0.0,0.44
1398,0.335,-0.993,1493.34,102.64,-1.0,0.0,1.13
1399,-0.249,0.802,2069.36,195.55,-1.0,0.0,1.23
1400,0.475,-0.549,3315.5,131.65,1.0,0.0,0.0
1401,-0.378,2.163,768.01,37.88,1.0,0.0,0.85
1402,-0.028,-1.753,24.74,4.01,1.0,0.0,0.0
1403,-0.271,-0.981,1150.78,102.28,1.0,0.0,0.47
1404,0.217,-1.408,2594.51,192.26,-1.0,0.0,0.84
1405,0.583,0.584,1507.66,0.14,-1.0,0.0,999.9
1406,0.705,3.107,1853.98,77.18,1.0,0.0,1.85
1407,1.165,3.013,35.4,5.42,1.0,0.0,0.5
1408,-1.125,0.051,29.22,5.81,1.0,0.0,0.91
1409,0.722,-0.787,45.16,7.73,-1.0,0.0,0.0
1410,-0.057,2.689,1029.16,109.21,1.0,0.0,0.78
1411,-0.158,1.148,4416.51,136.28,-1.0,0.0,1.86
1412,0.237,1.904,122.47,16.22,1.0,0.0,0.3
1413,-0.726,-0.317,288.85,1.86,-1.0,0.0,0.0
1414,-0.07,0.974,3076.39,94.8,1.0,0.0,0.28
1415,-0.201,0.249,26.17,3.77,1.0,0.0,0.76
1416,1.246,-1.422,675.17,70.01,1.0,0.0,0.52
1417,1.836,-0.88,31.39,6.62,1.0,0.0,3.24
1418,-0.052,-2.973,1474.89,268.1,1.0,0.0,0.36
1419,0.041,-2.472,238.78,0.11,1.0,0.0,999.9
1420,0.363,0.371,1124.41,63.13,-1.0,0.0,1.39
1421,0.396,-2.114,2371.93,151.78,1.0,0.0,0.17
1422,-0.04,2.787,1942.2,381.4,-1.0,0.0,2.29
1423,-0.546,-0.831,404.31,4.06,1.0,0.0,0.4
1424,-2.374,3.039,52.57,0.99,1.0,0.0,0.0
1425,1.414,1.184,1234.57,74.02,-1.0,0.0,0.61
1426,-0.935,2.318,1869.39,51.89,-1.0,0.0,0.18
1427,-1.419,-0.034,1160.91,166.08,1.0,0.0,0.28
1428,0.898,1.644,114.11,13.86,-1.0,0.0,0.47
1429,-0.323,-0.559,2864.24,221.5,1.0,0.0,1.76
1430,0.222,0.317,1842.3,95.84,1.0,0.0,0.61
1431,1.925,0.058,36.0,5.94,1.0,0.0,0.25
1432,0.027,2.949,470.25,51.64,-1.0,0.0,0.08
1433,-1.041,-1.319,787.62,88.45,-1.0,0.0,0.03
1434,1.372,1.303,30.91,3.24,1.0,0.0,1.23
1435,0.821,-0.746,2338.32,74.01,1.0,0.0,0.67
1436,-0.599,1.751,727.59,21.98,1.0,0.0,0.0
1437,-2.567,0.781,28.91,3.26,-1.0,0.0,1.75
1438,0.844,1.089,284.85,2.13,1.0,0.0,0.0
1439,0.544,0.768,554.18,44.02,1.0,0.0,1.37
1440,0.786,0.41,98.31,10.5,1.0,0.0,999.9
1441,-0.449,-2.529,337.9,64.02,1.0,0.0,0.58
1442,-0.816,2.256,52.13,12.77,1.0,0.0,0.38
1443,-1.379,-0.492,126.51,10.53,1.0,0.0,0.0
1444,0.2,1.273,3768.16,189.13,1.0,0.0,0.09
1445,-0.408,-1.712,254.19,23.49,-1.0,0.0,0.73
1446,-0.336,0.501,34.57,0.0,1.0,0.0,999.9
1447,-0.682,0.014,1350.59,140.54,1.0,0.0,0.22
1448,0.228,-0.183,3600.84,315.16,1.0,0.0,0.26
1449,-0.861,1.845,2242.35,105.71,1.0,0.0,0.47
1450,1.456,2.522,280.68,35.37,1.0,0.0,0.56
1451,0.172,-1.209,276.83,2.1,1.0,0.0,0.0
1452,-1.691,2.587,272.13,18.36,-1.0,0.0,0.06
1453,0.28,1.941,368.84,43.48,-1.0,0.0,0.13
1454,-0.39,-2.541,819.99,72.73,1.0,0.0,0.1
1455,-0.67,-2.235,462.88,27.24,1.0,0.0,2.84
1456,0.438,2.497,1866.55,281.66,-1.0,0.0,0.35
1457,-1.148,-0.744,105.51,7.89,1.0,0.0,2.62
1458,0.939,-1.917,111.54,0.51,1.0,0.0,0.0
1459,-0.633,-2.17,91.55,9.65,-1.0,0.0,0.81
1460,0.717,-0.101,2723.79,52.46,1.0,0.0,999.9
1461,0.169,2.588,1424.01,101.01,-1.0,0.0,0.92
1462,0.425,-1.768,3273.75,78.86,1.0,0.0,4.76
1463,-0.731,-2.923,2296.37,67.6,-1.0,0.0,0.49
1464,-0.811,-0.607,370.35,19.51,-1.0,0.0,0.01
1465,-0.192,-1.225,318.22,50.99,-1.0,0.0,0.08
1466,-0.044,-1.963,2914.15,128.43,1.0,0.0,0.0
1467,-1.518,-1.773,39.97,4.16,1.0,0.0,0.17
1468,-0.217,-1.533,545.73,66.47,1.0,0.0,0.05
1469,-0.171,-1.964,513.98,88.04,1.0,0.0,0.09
1470,0.625,-0.839,2227.08,220.07,1.0,0.0,0.83
1471,0.354,-2.279,2537.31,530.82,1.0,0.0,0.73
1472,0.075,-2.733,246.22,44.51,-1.0,0.0,1.7
1473,-0.46,-1.225,63.13,11.74,1.0,0.0,0.0
1474,-0.229,-0.881,36.79,4.03,-1.0,0.0,4.78
1475,2.085,-1.51,387.76,27.11,1.0,0.0,999.9
1476,1.966,2.91,24.44,4.76,-1.0,0.0,999.9
1477,0.214,2.127,259.86,39.7,1.0,0.0,4.66
1478,-0.702,0.201,207.01,2.54,1.0,0.0,0.0
1479,1.086,-2.632,2249.74,194.84,-1.0,0.0,0.43
1480,0.14,3.005,1146.91,67.19,1.0,0.0,0.62
1481,0.908,-2.657,2128.44,86.45,-1.0,0.0,1.09
1482,-0.507,1.015,127.84,12.1,1.0,0.0,999.9
1483,0.1,0.341,1252.37,2.77,-1.0,0.0,0.0
1484,-0.437,1.208,2084.84,102.19,1.0,0.0,0.8
1485,-0.123,-1.01,2034.1,99.13,1.0,0.0,0.99
1486,0.286,-3.075,97.15,0.73,1.0,0.0,0.0
1487,0.035,-0.429,4282.67,2.33,-1.0,0.0,999.9
1488,0.021,3.09,1893.35,75.32,1.0,0.0,1.02
1489,-0.106,-2.78,253.65,6.73,1.0,0.0,999.9
1490,-1.387,0.111,996.95,47.65,1.0,0.0,0.05
1491,0.444,-1.29,2091.4,274.37,1.0,0.0,0.0
1492,-1.5,-2.527,62.79,0.0,1.0,0.0,999.9
1493,-0.626,2.317,1232.89,105.83,1.0,0.0,0.26
1494,-1.508,2.475,108.62,8.4,-1.0,0.0,2.23
1495,-0.094,-0.116,34.7,6.98,-1.0,0.0,0.9
1496,0.501,-0.886,3158.78,0.0,-1.0,0.0,999.9
1497,-0.23,2.825,995.08,61.6,1.0,0.0,0.75
1498,0.064,-0.176,121.58,15.12,1.0,0.0,0.0
1499,0.459,0.957,3831.93,119.25,1.0,0.0,0.25
1500,-0.705,-1.132,2467.26,187.32,-1.0,0.0,0.39
1501,0.211,-1.53,571.21,23.53,1.0,0.0,0.0
1502,0.52,1.783,1771.32,212.48,1.0,0.0,3.25
1503,0.531,-2.447,1218.02,157.01,1.0,0.0,0.03
1504,-1.627,2.782,854.95,98.61,1.0,0.0,2.17
1505,-2.15,2.603,75.72,8.3,1.0,0.0,0.37
1506,-0.534,0.315,2101.0,189.32,1.0,0.0,0.43
1507,1.744,1.312,1013.3,17.96,1.0,0.0,999.9
1508,0.335,-2.659,1101.02,101.15,-1.0,0.0,0.24
1509,-0.914,-2.757,1486.13,142.34,-1.0,0.0,0.93
1510,-0.475,-2.853,1419.87,115.29,-1.0,0.0,0.76
1511,-0.082,-1.84,1020.27,172.43,-1.0,0.0,0.0
1512,-0.748,1.139,2100.97,80.83,1.0,0.0,2.98
1513,0.244,1.006,23.08,2.04,1.0,0.0,0.0
1514,-0.477,-2.284,1195.09,118.41,-1.0,0.0,0.07
1515,0.56,1.724,141.43,33.81,-1.0,0.0,0.75
1516,-0.281,1.35,2578.16,167.35,-1.0,0.0,0.18
1517,1.566,0.111,25.1,4.79,1.0,0.0,0.32
1518,-1.06,-0.117,645.59,27.71,1.0,0.0,0.08
1519,-1.487,-0.342,37.22,2.49,1.0,0.0,0.0
1520,-0.429,1.366,1338.48,308.06,1.0,0.0,1.13
1521,0.206,1.314,3783.4,208.54,-1.0,0.0,0.58
1522,0.811,1.532,25.72,5.7,-1.0,0.0,0.0
1523,0.856,-2.561,1555.91,142.23,1.0,0.0,0.99
1524,0.312,-0.811,1354.02,50.1,1.0,0.0,6.43
1525,-0.597,-0.362,2034.55,189.38,1.0,0.0,1.11
1526,-1.24,-1.072,64.76,15.13,-1.0,0.0,1.4
1527,-0.211,0.826,1382.37,1.33,1.0,0.0,999.9
1528,-0.649,-1.429,2227.49,0.14,-1.0,0.0,999.9
1529,-0.098,-0.694,3595.04,42.03,1.0,0.0,0.0
1530,2.433,2.294,22.76,5.71,1.0,0.0,1.86
1531,0.734,2.312,452.02,1.26,1.0,0.0,999.9
1532,-0.974,0.269,1603.3,117.74,1.0,0.0,0.24
1533,0.561,-0.25,1290.63,120.81,-1.0,0.0,0.51
1534,-2.007,2.397,762.79,24.73,-1.0,0.0,0.05
1535,-0.323,-1.409,151.05,9.49,1.0,0.0,0.21
1536,-0.552,-0.61,1351.96,46.14,1.0,0.0,1.6
1537,-0.232,0.202,1851.53,93.37,-1.0,0.0,1.41
1538,0.056,-2.393,259.19,35.36,1.0,0.0,1.49
1539,-0.438,-2.83,1793.73,107.51,1.0,0.0,1.45
1540,-1.2,0.563,813.67,165.83,-1.0,0.0,0.38
1541,0.384,-3.117,1236.56,3.7,-1.0,0.0,0.0
1542,-0.424,-0.553,23.09,6.38,1.0,0.0,999.9
1543,-0.067,-0.177,61.86,15.89,-1.0,0.0,0.3
1544,-0.164,2.507,3401.74,501.45,-1.0,0.0,0.16
1545,-1.017,-2.867,1286.41,94.55,1.0,0.0,0.16
1546,-1.01,-2.43,31.96,8.05,1.0,0.0,1.35
1547,-0.367,0.579,2438.88,202.11,1.0,0.0,0.61
1548,-1.577,-2.4,653.24,76.21,-1.0,0.0,1.56
1549,1.021,1.093,1270.43,18.95,-1.0,0.0,0.0
1550,0.083,-2.085,51.93,12.11,1.0,0.0,2.07
1551,2.471,0.832,25.53,0.15,1.0,0.0,999.9
1552,-0.246,1.272,1631.68,63.69,1.0,0.0,2.55
1553,0.097,-0.223,3295.84,70.7,-1.0,0.0,0.0
1554,-0.191,1.967,1265.1,52.38,1.0,0.0,1.13
1555,-0.944,-1.007,69.26,10.21,-1.0,0.0,0.35
1556,-0.824,3.01,500.57,62.69,1.0,0.0,0.52
1557,-1.027,-3.116,1649.41,89.61,1.0,0.0,0.03
1558,0.805,1.44,740.35,63.65,-1.0,0.0,10.71
1559,-0.488,0.506,1594.87,0.14,1.0,0.0,999.9
1560,0.514,-2.222,415.49,1.27,-1.0,0.0,0.0
1561,0.047,-1.869,36.13,5.27,-1.0,0.0,0.0
1562,-0.366,2.022,106.81,13.74,-1.0,0.0,0.23
1563,0.363,2.108,1069.71,174.32,-1.0,0.0,0.51
1564,0.832,0.83,1484.57,155.72,-1.0,0.0,0.05
1565,-0.889,-0.199,50.18,1.92,1.0,0.0,999.9
1566,-0.357,-1.407,661.87,47.08,-1.0,0.0,0.1
1567,-0.293,1.631,521.89,28.66,1.0,0.0,0.29
1568,-0.881,-2.488,1652.23,197.23,1.0,0.0,0.2
1569,0.516,-1.2,2121.8,183.07,-1.0,0.0,0.62
1570,-1.062,0.927,1394.47,96.41,-1.0,0.0,0.05
1571,-1.975,-2.752,591.87,24.29,1.0,0.0,0.1
1572,1.739,-2.328,69.27,4.56,1.0,0.0,999.9
1573,1.081,-2.219,1328.72,91.88,1.0,0.0,0.02
1574,0.207,2.118,1820.67,282.18,1.0,0.0,1.34
1575,0.772,-1.327,1996.99,210.1,1.0,0.0,1.87
1576,-0.958,-1.751,2159.2,89.25,-1.0,0.0,0.02
1577,1.138,1.758,31.49,3.33,-1.0,0.0,3.86
1578,-0.632,1.121,1910.57,77.12,1.0,0.0,0.02
1579,0.949,-2.166,1267.34,122.33,-1.0,0.0,2.98
1580,1.197,-1.762,39.0,6.36,-1.0,0.0,0.81
1581,1.337,-0.696,128.91,23.13,-1.0,0.0,0.43
1582,3.239,-0.543,22.02,2.75,-1.0,0.0,6.66
1583,-0.31,0.579,40.28,1.27,1.0,0.0,8.34
1584,3.199,1.585,38.73,6.28,-1.0,0.0,0.95
1585,-0.026,1.728,718.21,90.45,1.0,0.0,1.04
1586,1.11,-0.095,1720.72,135.43,1.0,0.0,0.52
1587,-0.595,1.739,1879.49,133.8,-1.0,0.0,0.21
1588,-0.815,-1.492,1723.07,44.8,1.0,0.0,0.0
1589,1.781,0.48,554.27,22.91,-1.0,0.0,0.0
1590,1.264,2.002,239.56,21.87,1.0,0.0,0.43
1591,-0.301,2.8,1197.61,62.8,1.0,0.0,0.55
1592,-0.313,2.37,4115.91,60.07,1.0,0.0,2.16
1593,0.232,-0.933,3543.11,99.81,-1.0,0.0,1.99
1594,-0.859,2.408,2796.09,4.42,1.0,0.0,0.0
1595,-0.483,-1.759,925.92,141.66,-1.0,0.0,1.14
1596,-0.932,-1.801,38.28,3.85,-1.0,0.0,0.0
1597,1.342,-2.927,1175.93,16.83,1.0,0.0,0.33
1598,-0.619,-0.645,1649.53,123.93,-1.0,0.0,1.42
1599,0.65,-2.613,1342.19,126.28,1.0,0.0,0.37
1600,-0.647,2.305,1021.2,34.2,-1.0,0.0,4.01
1601,0.73,2.204,31.33,6.63,-1.0,0.0,0.0
1602,-1.77,-3.006,490.16,0.0,1.0,0.0,0.0
1603,-1.211,-2.486,270.38,0.14,1.0,0.0,999.9
1604,-0.182,-0.023,1899.74,96.35,1.0,0.0,0.25
1605,-0.9,0.508,28.89,4.68,-1.0,0.0,0.0
1606,2.897,-1.507,140.4,17.38,1.0,0.0,13.88
1607,-2.085,0.587,98.13,16.63,1.0,0.0,0.0
1608,1.033,-2.391,222.2,39.34,1.0,0.0,0.17
1609,0.419,2.937,50.73,11.36,1.0,0.0,1.88
1610,0.561,2.47,275.15,4.08,1.0,0.0,0.27
1611,-0.428,2.651,625.9,65.94,1.0,0.0,2.96
1612,-0.168,-1.208,1373.04,99.75,1.0,0.0,0.55
1613,-0.773,-2.293,26.35,3.39,1.0,0.0,0.44
1614,-2.915,-0.923,369.39,37.14,-1.0,0.0,10.27
1615,0.407,-2.462,2872.75,48.94,1.0,0.0,0.0
1616,-0.305,1.304,2013.66,65.47,1.0,0.0,0.33
1617,-0.126,-1.416,143.11,7.71,-1.0,0.0,999.9
1618,0.175,1.469,2109.83,1.54,1.0,0.0,999.9
